0;0;0
100;252;164
251;139;185
133;245;185
174;130;249
224;233;158
192;249;84
205;231;134
238;125;194
101;216;189
211;228;118
208;140;163
192;169;157
150;199;194
150;238;119
174;254;154
238;142;202
160;162;224
208;194;164
169;161;189
149;248;214
168;165;199
180;204;216
227;222;209
203;100;210
113;233;167
206;208;125
244;166;243
228;132;187
214;48;241
246;254;125
181;240;191
151;137;217
136;215;173
218;210;133
227;195;123
233;167;174
211;251;152
181;161;174
185;176;221
77;247;244
115;177;234
178;219;205
159;166;186
196;225;215
222;212;174
253;161;140
204;251;251
234;206;176
229;184;196
207;93;241
229;49;250
213;208;146
229;148;129
139;226;229
236;36;235
218;240;89
252;248;128
225;252;96
209;219;99
96;205;201
252;247;92
125;199;190
138;204;181
254;251;78
158;165;244
174;172;155
247;175;131
170;125;251
167;132;254
219;247;184
166;246;174
228;234;47
222;120;183
228;192;254
179;134;252
210;166;134
204;186;129
216;185;233
153;240;187
238;225;241
136;167;248
251;253;49
189;223;254
247;213;142
219;51;248
79;239;248
179;233;182
186;175;217
224;159;227
201;224;77
116;216;202
94;225;197
210;200;165
240;136;253
220;189;156
151;142;247
84;193;245
231;104;188
142;251;131
60;248;226
232;162;157
209;247;76
249;169;91
147;166;205
112;198;211
213;252;246
233;177;171
158;238;203
249;251;145
183;190;159
201;217;148
148;221;147
173;209;177
245;194;130
99;203;234
121;224;177
254;242;81
239;156;173
240;216;101
157;152;228
252;62;249
172;233;154
237;69;221
217;232;90
231;212;173
222;49;248
223;228;137
198;205;145
117;199;221
168;234;184
230;143;159
223;209;210
219;118;232
216;178;144
199;254;235
152;135;218
160;153;231
166;189;246
125;163;245
168;254;115
212;97;237
198;132;240
218;83;221
251;151;126
254;186;86
216;177;151
246;249;128
244;251;231
221;177;124
85;252;182
210;180;213
225;246;55
206;194;221
182;214;219
232;210;233
249;49;233
219;249;209
177;200;225
230;230;146
142;143;238
252;217;120
190;188;126
220;240;239
243;115;229
205;165;233
174;112;248
198;144;207
252;178;151
175;250;124
246;226;103
207;190;241
175;234;94
201;99;218
243;174;148
230;129;217
155;240;134
245;141;248
81;239;239
226;146;197
228;92;253
200;189;205
75;227;200
164;217;199
195;242;207
250;171;233
180;184;141
229;74;213
230;61;235
164;192;250
248;176;98
184;243;199
252;58;234
254;58;225
245;167;203
88;248;245
151;240;136
233;247;157
84;242;246
253;212;40
198;116;200
191;234;188
185;147;214
203;237;243
220;237;137
244;169;216
243;223;184
239;169;230
105;224;237
119;252;243
115;252;188
213;78;215
254;110;235
252;168;135
199;108;225
225;213;92
235;126;187
210;178;130
209;149;182
220;218;246
211;196;151
152;131;232
129;234;207
187;176;211
219;237;168
244;197;83
233;72;210
202;187;223
165;247;130
181;175;241
177;178;181
196;153;170
178;153;243
180;144;201
209;227;129
196;173;215
246;207;136
215;113;249
200;176;215
230;51;242
87;168;248
221;173;118
233;130;232
96;245;193
249;222;148
209;253;54
230;75;229
219;85;210
204;227;200
249;238;37
206;131;185
113;205;209
175;204;244
222;133;198
205;254;95
154;203;179
189;210;112
129;217;158
227;245;213
91;226;192
74;206;222
142;247;206
119;239;205
31;249;222
240;130;145
155;202;220
222;63;250
212;172;191
221;117;168
228;234;121
64;232;205
163;237;140
236;244;184
249;59;214
246;204;218
222;204;246
195;175;177
230;216;188
105;206;247
238;184;177
232;194;157
234;182;249
101;205;232
187;157;187
185;196;221
110;167;242
167;179;236
247;208;224
69;249;253
238;79;191
171;189;245
230;243;45
231;158;222
229;211;68
158;182;252
138;142;227
237;104;166
175;230;149
232;220;190
220;232;177
166;189;197
239;87;219
171;226;247
152;196;168
152;233;231
236;214;204
227;171;127
248;245;214
182;221;220
211;249;152
252;170;191
240;110;210
238;115;189
82;211;209
211;235;127
217;192;176
42;210;254
235;133;133
207;191;161
159;147;201
175;249;95
216;112;242
213;97;229
224;208;136
131;246;233
202;128;219
236;228;196
229;241;225
236;251;78
237;198;191
210;197;133
246;235;107
117;217;202
231;208;249
161;228;251
147;216;152
214;176;138
239;209;107
205;214;236
126;234;233
213;178;145
102;248;214
171;163;230
250;125;130
234;235;82
240;225;195
163;195;164
105;194;247
137;226;167
244;221;129
130;182;214
164;206;188
144;227;216
254;237;229
167;220;115
235;239;153
221;217;78
109;218;236
253;202;156
187;242;169
241;221;73
151;174;246
223;221;184
244;132;228
248;77;218
123;232;181
146;141;217
123;212;234
248;125;206
177;72;253
249;99;224
219;215;91
230;169;204
252;156;113
245;226;181
136;205;239
108;253;216
140;174;213
210;163;137
241;178;136
170;158;180
236;207;60
114;179;231
235;249;170
221;218;254
124;251;247
226;253;123
215;92;235
226;223;161
246;93;163
227;213;217
182;204;168
188;244;83
152;150;233
214;238;83
211;157;164
206;196;239
236;109;191
235;113;192
241;222;79
223;254;107
152;129;241
234;217;219
84;222;201
213;249;182
183;105;225
96;233;209
133;237;227
170;142;232
180;234;124
204;151;232
185;171;222
240;180;98
74;234;230
189;217;235
138;237;220
191;116;215
225;187;123
112;203;221
149;181;192
74;245;254
198;128;232
198;243;254
163;234;251
224;149;171
253;96;205
203;141;190
130;214;177
133;194;223
218;231;189
249;188;229
188;252;230
231;206;230
245;204;204
137;196;174
164;229;132
241;122;185
254;99;182
135;199;221
62;230;210
198;167;153
57;219;237
221;197;192
248;73;200
243;227;253
230;216;103
189;248;119
237;219;123
123;149;247
234;234;79
196;252;163
151;240;187
125;236;245
223;106;241
216;198;108
193;133;204
141;204;202
193;107;247
176;246;105
147;176;207
152;237;139
252;236;161
253;203;180
232;230;49
140;206;238
194;253;69
208;245;240
180;242;168
219;237;67
134;213;202
222;211;229
217;175;171
223;250;183
143;222;206
175;119;233
231;228;242
215;246;115
90;240;201
93;221;248
194;180;209
230;160;190
227;98;203
218;115;196
103;251;156
137;220;149
141;186;209
159;176;227
244;74;215
167;201;138
151;214;187
159;131;251
197;253;212
250;150;175
173;232;227
181;113;242
227;139;226
185;158;250
83;214;254
205;74;241
123;240;194
232;141;225
252;248;146
246;191;219
47;236;221
124;200;179
185;173;187
217;252;185
170;243;173
103;248;214
180;212;124
223;102;246
211;199;146
191;190;252
228;188;102
227;202;235
135;220;162
152;205;186
218;213;128
225;79;200
234;153;136
209;164;237
222;133;215
254;235;49
112;216;208
148;112;252
228;231;47
32;238;241
172;183;151
239;143;127
208;247;149
184;225;167
245;89;232
250;225;147
231;90;181
118;172;215
221;201;103
214;55;249
231;199;248
127;177;210
254;115;179
235;85;229
254;193;186
254;94;231
144;245;166
70;236;198
136;252;152
114;232;155
229;209;84
208;248;65
229;220;74
251;120;238
68;241;247
252;175;185
116;253;239
145;218;251
214;247;239
143;246;128
105;229;232
178;201;148
206;240;206
235;237;153
134;207;209
166;223;228
232;164;191
191;197;157
228;219;145
182;229;202
95;254;214
73;210;242
97;248;245
227;207;69
197;179;221
243;183;96
176;216;128
235;140;184
193;154;170
235;190;100
240;186;168
238;167;129
212;121;173
253;50;237
237;104;202
49;247;216
110;174;225
248;180;88
247;114;226
205;241;77
98;222;212
204;213;124
226;209;204
216;75;235
186;202;245
254;224;157
67;229;229
187;249;133
202;154;151
253;53;213
150;205;192
214;246;101
75;232;196
253;226;245
249;166;142
203;126;195
183;190;249
194;241;158
198;237;223
244;218;81
122;208;224
217;198;152
182;203;173
168;177;215
195;236;102
143;250;136
201;242;128
179;239;205
224;241;51
231;152;133
196;170;137
232;183;198
238;104;229
236;253;26
186;221;159
177;235;251
65;201;251
115;141;250
215;75;236
132;185;221
213;245;236
192;119;230
245;155;195
209;221;215
144;189;215
206;96;237
216;193;97
240;165;243
245;185;96
198;225;116
146;201;214
197;125;209
154;171;219
234;247;39
163;218;246
183;164;159
87;196;229
148;178;237
210;228;203
178;242;223
233;179;186
246;240;226
218;220;215
150;170;234
235;240;194
234;75;219
189;93;220
251;203;115
164;243;218
252;224;181
144;233;177
109;227;227
248;156;198
215;251;71
252;107;198
182;161;230
155;193;219
134;198;204
231;56;250
74;254;233
230;237;138
203;227;186
80;220;209
219;190;165
254;161;236
183;194;174
244;84;188
228;139;154
216;227;124
154;230;127
212;232;81
241;227;177
242;204;204
253;250;139
232;153;244
182;217;219
39;230;237
207;248;243
188;231;135
205;251;210
148;242;235
213;248;136
241;221;252
127;212;203
206;233;141
183;242;190
251;128;212
83;235;244
76;235;227
59;240;242
138;220;185
241;189;92
160;230;166
252;61;224
122;244;184
231;254;178
187;240;173
162;236;176
152;177;245
99;215;215
139;181;220
221;133;177
68;233;209
152;213;158
136;154;223
142;229;252
178;196;164
103;244;174
153;153;241
252;200;135
79;252;213
199;113;196
152;212;206
73;189;254
250;73;223
193;111;203
223;197;152
168;176;213
238;64;242
223;111;250
204;234;66
164;113;252
59;226;229
46;239;237
200;203;214
242;40;246
188;210;123
246;72;236
221;70;240
243;172;151
76;222;215
113;241;153
180;241;224
246;157;170
226;93;202
254;193;177
186;99;230
235;215;163
203;120;250
203;254;164
176;209;124
220;196;221
203;234;146
153;198;239
253;241;115
139;252;202
186;193;171
159;189;254
209;71;247
76;234;231
181;166;251
97;254;251
222;226;131
223;158;207
251;227;189
232;31;243
81;221;207
143;143;250
241;179;167
195;131;234
177;243;231
251;204;188
210;139;249
88;219;221
94;243;185
131;237;204
212;224;158
254;114;157
164;155;243
219;161;215
180;128;223
242;218;177
248;202;252
246;138;238
225;129;191
197;245;246
244;92;236
78;250;246
155;185;192
157;237;168
140;188;210
213;207;220
206;245;93
67;212;249
233;124;225
232;128;251
183;190;153
176;194;196
139;203;204
189;157;175
230;247;144
214;232;237
217;77;238
228;46;246
220;236;134
182;201;122
180;236;131
189;188;130
218;238;213
201;221;219
186;155;221
240;193;174
139;226;153
220;194;166
226;249;170
243;144;159
195;186;152
232;62;223
139;230;230
186;236;106
147;235;223
192;152;161
169;201;234
187;81;235
223;190;226
129;246;233
240;123;230
190;161;211
218;224;61
254;250;212
236;206;161
178;122;202
78;243;236
217;179;113
247;250;84
188;61;253
122;231;218
225;200;197
164;179;226
201;246;140
247;226;172
58;242;234
165;173;190
194;204;122
132;211;246
229;253;47
204;189;133
160;206;173
214;122;250
252;219;90
205;234;137
156;229;123
248;248;194
107;216;247
245;122;251
194;231;159
168;244;235
252;132;210
187;197;192
249;233;239
183;172;225
185;190;132
243;168;180
104;196;236
202;54;253
203;202;140
225;150;130
227;130;173
148;168;188
239;251;76
110;237;192
83;248;208
198;56;254
93;224;204
232;231;109
209;246;234
175;124;202
168;239;142
191;186;148
235;233;104
204;95;223
85;177;253
174;145;201
198;134;195
238;87;239
188;151;162
209;169;214
223;203;196
228;175;184
138;199;179
226;235;119
225;224;81
50;242;251
101;228;174
148;225;187
176;224;222
212;85;233
240;126;225
253;219;223
150;228;201
225;110;187
247;206;49
177;216;175
242;91;224
73;254;186
214;236;81
242;226;232
213;206;175
20;254;251
220;156;138
182;232;155
157;235;135
173;239;224
223;243;63
237;24;254
139;245;145
164;228;197
248;239;216
193;232;157
105;198;210
130;226;179
220;216;209
89;190;240
157;169;196
83;242;230
226;231;93
204;172;162
219;73;218
251;89;227
187;189;140
151;254;164
142;141;223
216;210;117
185;246;117
134;223;226
241;135;169
167;180;229
133;200;225
208;237;141
221;250;208
180;248;198
236;185;243
239;47;215
143;222;198
239;159;187
201;129;228
70;224;248
239;218;158
207;132;191
230;124;202
85;245;204
204;176;229
222;156;163
252;251;33
172;199;219
197;169;201
178;214;135
232;114;249
243;228;167
213;241;244
203;246;132
48;219;239
181;136;251
119;176;217
170;150;221
116;228;167
212;225;239
127;215;251
250;210;229
194;250;247
222;226;195
193;173;141
254;217;211
242;234;74
104;236;202
194;232;128
221;214;164
254;213;132
212;216;145
222;108;189
175;162;205
166;247;147
85;253;204
174;138;192
168;238;131
200;197;139
139;124;247
240;139;166
246;218;126
200;187;216
254;244;121
226;221;157
215;195;210
249;134;157
166;251;198
212;169;182
176;125;251
141;191;234
146;222;203
229;47;233
203;178;209
149;241;211
106;228;169
214;219;159
61;242;244
199;249;133
214;59;241
220;48;254
234;220;195
209;190;217
185;131;209
131;188;188
216;155;183
242;140;216
203;87;222
130;162;213
156;244;171
80;192;248
250;231;117
166;203;234
238;203;247
218;248;214
209;140;173
135;247;228
253;166;243
136;237;242
178;246;236
246;228;55
166;239;191
230;217;55
145;235;144
168;196;210
81;223;215
240;236;206
174;170;237
210;247;243
124;207;170
92;238;177
150;133;222
161;192;202
247;126;187
239;227;152
191;238;106
92;241;201
232;173;175
64;197;254
194;177;167
234;215;117
209;244;129
127;234;175
204;179;237
160;245;199
217;178;170
150;183;188
193;118;191
253;232;204
216;136;232
138;195;189
224;130;171
248;116;233
223;217;81
167;242;251
231;218;145
247;205;156
95;183;254
138;126;246
221;181;102
177;159;238
201;123;225
181;172;155
165;212;124
239;191;211
130;183;196
222;86;227
89;231;204
109;225;231
172;83;250
200;236;175
120;156;248
215;76;249
181;129;234
241;249;199
238;216;147
181;228;161
225;238;235
228;212;79
241;106;188
175;216;176
231;200;84
131;248;239
125;248;198
198;140;236
243;95;167
228;130;230
83;189;236
193;201;221
248;229;73
251;106;205
176;196;231
233;193;146
237;169;194
241;174;242
195;226;148
161;214;155
230;144;213
163;145;248
234;131;219
167;85;249
197;108;242
108;209;185
252;222;45
253;205;206
151;181;196
171;247;140
237;175;139
226;110;195
229;216;110
94;243;177
222;82;217
231;211;237
179;113;222
236;249;95
91;231;206
232;233;44
209;230;238
133;242;197
205;93;232
202;246;175
226;139;252
155;220;240
158;224;189
162;176;244
244;226;104
238;194;237
167;196;146
202;148;159
248;201;192
145;210;193
182;174;172
170;243;245
238;177;88
222;141;147
218;195;232
223;206;105
155;242;222
95;218;233
222;173;248
164;170;210
246;147;214
235;200;250
240;206;147
146;227;217
221;109;183
123;176;250
251;174;241
233;147;135
103;227;251
175;225;250
146;245;213
253;218;253
128;156;250
176;173;176
137;242;221
175;171;175
123;223;207
218;123;217
217;151;150
192;251;142
173;192;225
249;187;173
252;127;226
193;252;150
244;69;227
224;114;198
253;58;213
151;241;242
199;218;168
215;207;240
164;247;104
183;234;245
230;232;69
182;202;148
215;204;135
181;113;230
234;209;99
191;227;191
102;235;195
163;219;228
108;207;196
229;254;200
219;93;243
230;202;159
250;230;53
243;59;203
156;252;131
221;70;252
166;170;211
194;93;220
244;163;208
126;189;199
245;65;241
140;160;248
72;207;244
229;156;201
129;181;194
112;220;204
176;199;145
197;214;189
211;132;174
129;206;205
238;200;157
160;244;179
236;251;88
237;58;234
211;182;234
214;138;206
206;248;74
249;232;135
221;192;137
251;174;177
151;229;154
82;216;248
225;233;90
179;219;164
178;106;248
209;248;87
227;205;129
99;240;188
126;167;210
125;232;174
200;123;211
117;227;173
236;189;190
186;177;243
228;142;211
236;234;80
203;185;226
202;165;251
160;225;209
189;120;198
245;60;196
190;249;172
234;233;144
233;80;213
139;242;247
134;242;229
243;152;218
72;189;252
167;249;254
211;160;197
187;180;191
114;224;229
253;208;83
248;249;93
240;139;191
254;37;211
202;147;172
194;172;164
219;214;223
171;247;103
238;210;236
181;239;157
247;208;230
250;98;179
187;176;185
186;249;200
252;141;164
233;212;67
198;142;171
81;176;246
124;252;169
225;237;253
195;162;163
253;62;210
240;214;75
82;243;210
254;171;220
94;213;228
234;62;206
211;170;190
231;175;143
186;241;82
221;47;237
227;203;79
251;204;121
230;228;72
222;220;122
211;249;215
197;179;238
169;249;89
246;156;168
126;210;232
158;175;227
235;211;200
167;204;164
187;228;252
180;254;244
164;132;231
246;223;162
134;249;241
127;194;195
222;190;109
109;208;228
232;195;149
71;188;254
204;61;251
138;254;162
116;195;190
90;187;252
252;148;127
214;119;241
246;138;129
240;102;229
112;233;203
206;208;141
131;236;181
249;171;188
101;186;236
189;217;135
152;219;169
229;170;232
189;226;185
145;202;238
107;201;206
245;143;204
241;190;185
156;234;212
125;227;238
237;106;182
94;248;217
127;198;201
159;237;138
111;248;230
172;229;115
122;214;224
130;241;212
216;109;196
201;168;211
175;169;235
181;248;77
216;216;132
136;208;197
203;157;227
185;156;192
131;250;157
243;249;21
219;179;232
116;167;230
174;195;139
242;131;239
189;143;174
196;197;132
71;241;230
194;211;210
193;122;240
213;143;152
130;216;198
165;157;236
243;222;39
154;206;244
154;166;189
228;127;152
176;198;136
80;251;178
123;217;182
227;213;73
240;12;253
141;203;164
176;145;242
221;169;190
227;191;234
159;218;195
113;176;246
71;235;240
231;138;161
236;240;166
252;172;98
241;100;254
158;222;148
216;179;122
253;106;212
244;137;171
128;217;210
244;171;221
241;85;223
181;210;199
181;141;248
242;106;238
98;253;236
250;147;110
233;84;227
221;36;248
247;41;233
92;182;232
121;174;251
115;237;221
223;205;184
217;140;188
238;245;126
123;236;226
208;116;183
181;120;220
234;213;114
227;112;184
254;185;186
94;245;242
186;127;214
221;90;206
218;112;203
246;179;79
125;253;126
253;161;142
228;95;186
236;96;187
175;196;252
217;93;247
40;211;250
250;232;90
226;97;226
230;206;150
110;180;224
185;231;138
133;218;185
76;190;250
251;29;245
223;109;244
152;162;206
180;214;208
207;141;183
233;198;84
243;131;199
179;217;170
209;112;211
202;201;201
215;135;206
249;13;250
227;250;171
219;134;211
243;238;202
247;223;102
216;126;212
168;103;236
173;202;170
58;246;228
192;249;223
236;148;200
253;162;95
224;243;121
186;226;145
220;120;225
251;254;13
196;173;204
79;217;223
188;140;202
77;201;232
161;168;233
108;212;212
244;40;235
198;215;165
223;201;241
213;195;174
250;225;116
197;80;244
248;237;195
186;197;230
242;156;212
226;240;111
152;157;250
212;201;113
213;213;97
90;208;206
198;213;108
202;216;111
245;83;187
129;182;191
229;226;52
202;187;238
159;247;181
251;245;48
200;199;121
161;184;161
99;231;224
251;191;208
254;80;218
130;210;162
156;106;240
155;177;208
156;248;242
240;110;196
192;235;93
180;213;198
213;211;182
199;190;150
187;185;207
186;253;153
245;141;240
112;178;234
251;70;240
188;167;196
160;150;228
150;221;157
176;168;224
251;89;197
254;194;105
121;248;144
240;161;220
99;171;253
142;121;249
220;191;159
173;212;134
184;95;251
201;224;81
203;246;172
163;161;181
172;106;253
241;79;194
219;98;239
249;172;176
154;136;234
144;235;223
238;253;156
225;79;206
234;204;187
208;237;139
246;174;204
231;239;132
246;250;56
175;237;131
164;211;240
78;208;222
222;214;76
220;107;202
232;168;170
222;239;71
218;148;236
166;254;149
251;198;54
211;200;187
220;102;223
213;234;194
217;152;207
205;247;227
187;127;214
192;184;237
218;193;124
158;173;243
159;171;237
220;232;227
104;234;193
156;232;130
80;231;211
247;205;113
254;207;235
166;251;118
180;180;239
161;186;250
253;46;245
207;172;208
254;236;250
227;100;204
241;157;117
183;241;79
182;137;223
208;234;212
235;101;206
177;234;230
251;153;145
240;166;225
216;236;174
202;185;232
192;149;248
225;151;174
251;217;81
154;207;254
209;249;108
236;231;145
200;164;228
193;235;184
215;176;227
215;216;125
72;232;225
232;146;172
239;153;249
168;140;207
34;246;222
160;241;155
73;232;233
236;224;168
207;151;211
204;184;248
229;221;117
180;146;237
199;243;179
154;195;228
196;195;200
208;164;184
167;231;231
123;233;180
203;216;230
169;96;252
216;193;213
247;230;232
244;178;104
166;225;216
208;188;131
250;115;244
247;198;61
232;155;172
174;190;192
222;254;166
151;251;205
86;196;227
91;228;254
148;212;227
234;235;123
203;190;147
167;206;215
224;254;252
211;84;213
159;174;171
228;220;76
246;155;115
181;130;214
177;208;153
208;224;183
161;253;226
74;191;253
234;244;178
139;239;171
133;223;146
136;230;143
138;240;198
175;238;144
231;49;237
173;246;148
229;144;180
233;249;82
123;167;212
201;135;229
175;150;179
123;249;189
172;223;128
243;122;191
191;157;215
105;217;212
213;196;119
150;165;230
102;203;220
90;226;245
225;161;199
233;167;163
149;214;248
174;222;191
182;224;152
208;205;95
253;211;213
101;236;243
203;238;60
221;253;51
191;178;230
205;210;222
134;226;165
192;217;247
182;102;240
78;242;193
247;212;124
133;198;193
182;246;170
249;162;92
120;196;232
237;224;221
220;170;146
223;119;249
186;124;194
138;253;173
108;228;246
245;194;93
165;130;237
245;215;121
175;126;242
227;222;72
64;237;247
168;213;235
229;193;119
246;249;228
151;206;221
236;30;237
240;200;161
160;144;212
134;243;148
216;96;251
150;215;250
249;253;162
161;146;252
198;248;156
211;188;130
215;246;75
157;136;253
227;211;254
205;215;227
196;228;212
169;243;216
176;163;180
183;139;216
213;175;156
106;225;246
252;56;219
114;182;242
214;235;228
175;182;157
216;107;199
211;125;188
217;196;211
180;87;238
149;240;193
174;226;204
241;177;246
247;53;206
223;247;146
178;170;154
175;148;239
184;194;236
251;252;105
127;207;254
191;244;166
239;161;136
162;173;238
188;86;234
99;217;243
210;186;244
67;224;227
252;73;229
115;192;224
177;203;236
233;109;234
247;186;220
158;177;252
142;236;213
165;229;217
165;247;244
223;179;246
239;195;205
226;198;214
170;254;179
246;130;244
208;174;229
171;186;150
251;55;207
153;184;222
214;162;184
177;212;123
212;210;95
242;231;108
144;165;199
245;144;170
153;220;240
45;244;228
241;223;115
227;223;218
79;254;197
203;174;134
208;171;201
210;248;224
254;230;147
165;195;196
192;245;103
128;213;220
203;193;206
152;152;200
212;180;195
213;224;235
187;190;168
218;162;188
238;146;234
248;49;241
208;245;204
178;199;145
241;157;158
170;133;215
219;36;248
254;172;84
154;149;211
205;240;83
183;132;238
160;174;232
242;145;249
167;104;230
195;171;178
233;224;141
240;214;91
103;177;223
124;138;239
195;185;246
228;189;222
189;249;78
205;163;246
188;224;137
224;210;123
219;50;249
217;196;179
210;192;139
170;245;183
177;246;239
244;250;148
165;188;250
216;157;248
209;170;214
186;177;202
252;187;236
227;222;54
246;115;206
174;235;158
155;234;135
162;247;106
219;234;101
162;190;222
199;172;147
230;212;180
204;209;232
165;166;244
234;106;237
163;181;230
220;249;180
168;198;153
111;199;228
127;175;249
235;43;252
247;14;246
229;224;232
212;182;174
142;140;227
244;228;57
190;197;227
152;246;135
181;213;209
211;113;181
43;241;241
172;230;144
245;236;51
159;153;198
184;106;218
210;222;153
76;237;243
237;60;213
178;142;241
130;160;233
189;184;228
223;223;67
234;232;100
211;177;203
138;243;199
178;167;189
192;144;204
130;205;217
165;235;173
193;173;149
189;233;200
197;57;253
192;196;219
116;252;220
144;249;247
183;240;249
124;243;254
191;208;154
185;222;254
253;147;167
240;186;242
164;114;229
209;135;172
248;153;165
180;105;249
230;50;230
244;188;169
246;79;176
178;166;209
217;178;143
154;183;253
242;206;176
118;233;224
145;159;217
73;212;236
200;193;185
187;196;233
132;184;205
45;240;226
139;229;176
216;195;152
150;220;238
247;86;231
142;232;181
194;126;195
192;186;130
81;221;210
237;43;231
87;199;218
111;159;249
179;200;238
239;111;200
64;233;229
156;246;126
234;188;130
212;228;93
148;218;216
254;160;154
188;131;206
237;114;163
206;215;197
152;254;118
248;213;192
229;194;107
209;188;206
102;242;172
203;249;188
174;198;130
204;226;194
234;239;71
221;90;234
201;190;215
229;175;117
159;183;181
196;254;202
117;245;152
251;115;221
239;199;184
142;144;238
167;236;146
144;252;124
243;205;222
128;241;176
152;246;128
250;58;224
253;108;251
178;114;214
118;241;179
107;241;208
174;207;122
95;171;237
140;235;182
252;156;223
124;241;187
230;135;226
244;54;219
195;106;201
228;216;108
122;243;240
195;240;168
214;158;210
209;229;93
222;90;198
241;187;225
132;131;242
254;186;156
249;240;205
140;169;210
250;154;144
136;247;196
140;234;230
138;230;158
201;215;178
196;194;227
154;180;225
211;121;212
231;214;226
246;218;227
204;131;172
175;204;202
246;232;82
99;240;171
248;40;253
250;225;27
186;202;227
230;67;220
184;194;169
239;92;193
69;236;243
239;124;176
221;198;134
159;223;170
187;245;233
230;192;150
151;216;235
232;181;138
245;104;241
219;245;92
191;168;155
222;192;97
205;80;218
209;176;223
249;223;176
185;248;88
155;112;241
185;244;99
130;186;194
108;232;236
185;226;169
254;228;201
190;98;215
250;90;216
126;205;209
208;186;127
212;253;124
211;136;231
222;192;228
224;152;159
203;162;221
121;169;239
154;225;141
186;240;86
249;237;240
173;164;213
234;155;112
204;74;247
246;134;172
237;212;153
211;201;101
144;180;185
230;72;228
236;144;236
221;239;204
199;241;73
216;199;206
235;202;206
234;130;251
227;167;178
114;218;216
94;230;215
243;167;143
95;204;227
42;244;243
204;161;189
210;179;138
207;233;166
160;228;192
241;57;215
246;236;87
221;166;124
247;123;231
246;169;202
241;238;243
190;162;230
134;254;196
186;215;130
171;215;253
190;90;222
175;166;195
102;175;245
244;236;86
243;88;228
239;45;238
69;208;225
213;243;119
177;185;240
155;231;193
227;193;175
181;200;157
252;142;193
230;49;222
49;248;208
215;106;242
251;173;187
251;124;144
172;127;206
169;201;138
222;253;188
246;172;155
211;125;167
165;199;200
198;150;168
254;181;227
243;194;186
90;238;183
204;143;174
224;199;144
198;179;201
227;185;161
208;244;87
205;216;92
148;218;160
248;45;245
38;250;242
170;232;133
211;242;230
241;215;145
204;225;84
242;92;193
253;246;140
237;201;145
214;234;183
214;103;198
158;201;171
224;240;182
234;152;167
235;103;225
241;215;198
148;227;228
246;174;127
221;248;36
145;204;153
116;217;190
119;197;201
237;209;153
106;188;243
235;65;254
245;205;106
232;194;141
224;147;131
192;138;230
120;150;238
177;254;136
249;186;75
245;72;235
146;226;177
232;163;160
223;172;152
189;136;215
171;187;165
156;228;229
185;138;236
252;216;165
194;108;225
175;100;241
241;244;171
245;217;134
248;103;213
183;247;146
120;217;254
149;206;232
254;254;104
98;183;249
199;245;57
235;252;44
140;219;150
144;249;217
94;206;206
53;233;254
197;214;221
228;246;125
169;240;159
242;119;243
138;249;115
120;196;234
246;66;216
144;219;149
253;224;245
207;165;139
175;215;158
252;139;239
203;123;209
223;175;155
239;181;169
177;252;145
227;193;134
200;82;245
219;108;251
212;170;172
75;224;236
136;212;182
175;254;235
156;231;165
210;193;173
216;189;240
178;158;233
251;169;122
249;203;156
211;158;144
173;138;220
233;80;251
149;247;144
159;164;190
229;210;64
237;101;186
93;222;251
234;139;167
141;211;243
179;128;226
220;185;216
96;188;240
40;246;220
174;215;198
221;238;222
85;238;210
159;237;143
225;234;90
129;150;239
140;160;240
246;150;158
234;100;187
184;248;150
254;191;241
199;187;242
155;223;134
59;215;248
230;151;249
212;225;83
233;251;173
186;130;187
251;220;155
241;223;204
176;119;219
111;227;218
125;184;205
199;143;222
204;242;250
213;249;203
238;219;178
100;249;193
228;112;190
239;89;223
217;130;175
234;247;227
217;166;192
197;182;135
170;232;202
217;103;242
186;146;201
200;124;218
251;170;238
161;221;128
247;151;199
251;43;233
218;228;68
135;246;162
110;187;204
190;168;168
203;201;120
171;221;156
110;221;199
197;222;155
207;232;183
187;195;127
196;199;123
233;218;106
176;234;127
248;158;195
234;189;150
150;213;220
190;177;167
201;199;244
186;150;208
213;226;200
101;212;195
196;202;151
138;232;145
104;236;207
90;230;213
85;245;176
161;176;206
112;194;219
227;178;194
154;131;252
118;186;208
229;57;235
223;156;148
127;180;198
247;235;132
121;254;205
195;234;241
120;230;172
244;96;232
197;243;185
245;181;230
220;148;216
250;218;247
138;229;248
244;223;169
161;144;227
220;241;115
249;121;163
225;230;128
215;142;227
197;172;143
227;161;115
135;243;211
233;221;173
197;247;132
230;190;119
216;168;117
249;220;49
245;185;86
187;179;226
227;248;212
164;218;176
214;213;176
162;245;209
240;234;64
118;235;158
116;234;185
99;224;207
238;246;93
217;248;71
214;250;80
189;181;200
210;216;154
203;109;220
222;193;107
211;94;237
248;196;128
227;226;214
181;161;176
182;105;221
196;235;149
233;167;218
124;156;233
253;215;160
170;196;176
192;106;206
203;105;217
139;250;182
224;93;200
126;136;243
211;229;72
131;198;215
248;118;136
200;123;250
200;204;159
244;246;52
181;237;186
196;234;106
211;236;187
199;153;226
138;250;117
152;207;251
177;247;185
157;247;138
240;208;64
164;202;185
188;154;232
185;250;105
81;186;250
185;237;143
54;244;217
57;229;242
114;234;157
161;239;171
207;166;207
221;214;242
134;204;231
207;97;222
219;233;131
245;168;178
192;187;139
178;187;195
221;53;237
244;133;249
150;246;223
229;199;162
236;46;249
230;123;209
226;88;248
254;123;222
189;216;109
175;143;227
167;181;170
247;216;41
236;181;203
190;99;236
186;214;195
253;243;230
103;210;203
185;83;247
162;208;186
181;88;245
161;222;156
155;213;142
194;203;242
213;147;220
132;144;241
208;247;69
158;178;165
53;244;226
114;180;252
222;190;99
213;93;239
221;211;102
114;237;160
112;184;210
254;92;215
237;248;156
156;239;203
182;167;175
162;172;253
201;177;215
191;151;250
242;185;164
188;208;198
184;119;251
225;190;182
155;183;166
249;202;189
122;151;229
222;95;230
242;53;208
248;239;140
250;11;243
252;113;197
95;201;210
198;105;250
220;243;65
248;240;194
234;179;197
104;202;221
239;160;157
144;169;239
154;194;241
228;232;164
245;84;232
239;94;199
201;251;236
247;98;227
235;198;128
233;194;235
222;170;121
248;232;158
172;199;168
243;143;147
198;157;192
249;188;131
102;247;163
146;228;244
119;239;146
252;26;237
228;64;236
171;173;210
254;188;111
233;247;110
234;197;193
245;222;193
209;197;162
234;231;74
121;179;233
105;167;247
253;246;69
199;213;208
186;155;234
204;241;187
147;190;225
157;233;227
224;245;213
139;201;224
169;142;223
206;99;224
240;242;19
176;165;241
133;173;210
240;212;146
159;199;242
215;147;188
101;218;227
132;210;198
161;134;234
240;191;209
201;214;157
69;208;249
224;239;195
191;195;190
64;250;240
245;86;231
178;234;113
121;248;198
244;211;153
195;177;221
192;229;195
187;116;225
242;227;105
145;246;134
117;193;249
109;167;225
246;115;202
194;193;209
64;222;244
232;100;175
175;178;229
178;139;201
210;195;126
136;147;248
181;113;224
243;238;90
167;184;157
213;246;237
190;126;190
200;125;210
122;219;246
172;205;232
226;254;38
226;107;243
218;242;41
114;229;191
203;197;179
234;250;207
247;162;230
157;137;234
229;137;213
174;248;143
222;122;240
137;238;234
110;233;200
146;233;139
243;189;169
46;243;235
252;120;142
233;93;231
140;251;240
235;115;181
149;241;244
229;103;185
232;92;227
218;143;145
221;220;187
55;233;238
216;246;249
248;235;238
185;240;85
250;41;224
136;205;177
242;160;151
234;176;114
213;235;223
154;175;218
230;249;79
149;114;240
231;185;164
188;108;249
149;222;135
253;70;213
129;225;206
176;187;240
97;233;196
102;236;210
224;120;178
154;242;238
142;211;175
209;224;131
136;174;239
227;172;147
204;208;181
247;86;239
165;162;212
127;174;228
229;61;227
192;162;186
66;248;229
177;242;178
226;182;181
181;243;181
175;173;175
174;234;95
133;192;212
244;135;183
136;222;248
157;176;244
199;195;166
195;137;178
139;207;159
173;195;191
243;203;56
158;246;203
250;228;93
229;163;231
226;248;198
170;109;253
113;244;163
192;180;231
204;168;138
233;92;190
240;237;226
240;225;171
248;86;247
235;49;243
205;86;238
175;199;164
148;250;178
247;213;137
241;200;174
231;254;150
146;163;239
228;224;252
160;242;199
213;79;252
229;174;223
228;193;198
225;120;171
166;198;221
214;106;228
57;248;251
159;234;149
253;73;218
207;233;106
197;235;245
126;156;221
204;224;153
197;153;176
247;160;160
238;225;141
250;243;248
128;212;170
194;238;190
228;47;234
248;194;170
50;250;205
232;234;226
200;173;194
128;249;124
239;71;210
119;182;224
67;233;228
149;183;230
203;173;171
167;211;236
228;201;140
253;166;92
185;222;253
195;226;174
89;236;207
94;196;246
184;231;217
114;199;250
200;222;220
170;125;234
96;189;240
222;182;188
204;159;242
187;138;215
166;196;208
235;195;145
179;192;196
242;127;144
195;220;103
195;216;154
70;201;244
138;221;164
122;228;198
223;251;184
158;218;187
105;214;216
150;247;238
166;236;113
252;164;120
233;242;173
203;240;159
236;162;242
245;180;94
234;106;245
207;199;239
120;173;213
237;107;234
148;249;119
246;245;38
246;232;41
175;226;109
226;204;143
208;189;129
184;249;81
128;204;183
74;199;248
202;205;210
247;220;196
239;170;99
235;126;202
225;109;235
124;185;252
165;188;233
252;188;253
254;246;236
197;112;204
253;252;161
214;138;191
129;183;248
233;224;197
250;238;24
237;203;62
219;185;151
112;242;151
225;176;174
252;198;171
153;176;196
162;170;178
174;176;253
226;76;209
210;213;242
154;221;244
182;234;250
227;137;252
251;179;220
247;210;180
180;102;223
195;146;197
96;179;227
221;189;186
197;187;206
243;59;201
237;69;213
69;222;243
70;223;239
159;195;149
213;169;189
242;143;206
227;250;53
239;154;130
25;238;253
246;137;122
211;165;146
189;252;91
254;206;223
90;250;231
196;244;210
211;117;195
207;216;167
128;181;229
253;219;123
175;243;132
219;160;189
211;98;196
203;194;180
248;232;173
185;72;247
224;232;249
254;230;228
180;228;248
139;159;239
83;242;212
197;252;170
177;177;156
202;197;248
172;211;123
139;118;254
150;238;225
246;216;187
136;235;150
240;31;233
135;209;238
208;105;202
189;194;212
98;199;207
135;228;185
185;213;173
241;243;226
77;233;237
149;232;177
192;180;193
200;118;210
249;194;102
135;168;239
222;218;244
171;132;233
105;186;245
253;42;233
208;224;124
237;200;251
174;146;210
252;44;242
148;202;204
204;172;168
171;222;117
98;244;245
197;165;156
214;184;242
139;251;127
234;156;111
186;172;192
217;228;160
208;172;254
252;227;101
251;248;53
200;236;222
226;219;251
113;178;225
178;239;218
116;239;254
181;208;227
246;90;208
145;215;196
141;137;244
116;254;213
219;240;55
211;233;247
78;241;244
254;237;135
245;117;241
223;234;193
115;220;207
222;191;182
53;241;207
123;200;251
227;125;217
190;210;157
173;192;146
95;254;226
231;57;249
109;225;223
153;182;237
210;250;219
254;230;65
174;137;212
240;247;246
135;210;219
192;249;236
246;158;234
174;247;163
109;166;241
56;226;240
226;212;138
122;245;213
182;184;160
199;132;244
238;218;156
235;216;106
202;66;252
205;159;224
223;224;213
127;227;230
197;144;183
202;209;156
180;131;217
225;161;194
194;99;217
188;141;212
214;179;115
145;254;190
237;239;74
247;115;245
187;218;245
177;230;246
214;232;212
173;232;118
244;117;250
128;216;197
175;208;144
94;223;251
238;253;236
247;200;108
212;165;129
245;96;202
213;198;190
184;229;152
140;246;214
235;253;152
244;222;81
155;201;197
165;202;214
178;148;184
213;97;197
215;179;242
224;128;211
159;211;254
237;237;93
104;181;243
207;182;121
143;234;223
211;167;157
206;169;228
173;195;229
191;164;203
172;116;213
214;228;236
84;254;170
141;227;245
122;208;187
158;192;231
243;160;163
243;225;101
140;154;251
182;254;220
254;132;238
229;227;65
123;190;254
125;246;213
251;248;178
218;206;88
91;176;251
113;249;204
252;91;190
182;184;141
230;250;79
193;209;163
43;227;254
161;195;234
185;105;217
157;185;249
233;169;114
134;159;252
51;241;220
147;151;254
223;124;166
170;220;229
133;172;245
242;237;184
252;239;165
160;232;149
133;192;203
164;217;192
213;168;220
182;222;196
233;254;127
253;227;77
172;192;202
236;221;124
252;215;172
198;169;222
140;155;209
45;226;248
155;189;157
205;184;241
113;248;223
178;207;220
166;181;240
169;251;188
164;224;171
210;88;251
230;125;236
246;147;142
243;230;253
125;229;174
158;222;217
178;218;206
226;254;184
218;169;153
178;249;92
188;156;210
223;207;189
162;232;213
254;161;102
215;232;88
147;235;228
253;193;175
190;193;228
225;230;210
96;246;184
207;139;163
163;224;129
200;179;237
246;167;216
217;120;243
204;82;217
192;244;141
223;107;248
186;217;225
190;252;65
167;253;218
239;101;175
128;188;189
150;245;126
205;134;251
185;144;221
108;239;224
210;213;88
252;126;186
183;209;208
177;162;169
69;224;210
203;197;186
145;234;155
207;233;201
214;197;158
234;197;201
202;92;220
219;218;162
179;174;229
66;231;228
214;172;116
84;195;243
245;233;114
194;141;196
247;64;205
177;189;217
252;188;122
99;245;239
234;99;241
158;231;228
250;199;74
242;208;254
219;129;164
174;167;163
173;129;241
172;212;131
224;229;105
203;229;244
99;236;219
124;203;211
222;49;242
219;192;225
172;241;217
181;213;229
121;163;226
146;240;173
247;176;97
222;190;135
218;142;200
180;251;78
201;132;248
126;227;235
210;202;230
216;119;183
76;251;188
199;221;221
150;125;229
185;233;120
206;243;152
202;215;173
98;247;207
238;34;240
250;252;160
143;181;198
189;221;140
245;227;89
63;191;254
136;253;211
241;187;136
248;223;93
146;154;202
254;189;217
232;229;157
162;201;202
234;155;159
132;197;248
159;225;206
154;199;191
169;247;241
185;169;208
155;169;241
225;102;215
246;195;67
217;249;161
249;199;217
253;86;251
183;247;241
186;230;145
231;188;181
236;104;166
208;148;198
151;199;205
68;208;245
229;190;156
63;251;254
220;49;238
235;243;227
43;238;253
180;224;122
117;213;242
64;226;253
135;183;209
141;194;250
130;211;175
224;251;143
183;153;177
96;203;246
230;229;69
176;191;138
217;231;192
249;184;243
248;228;164
248;192;164
226;174;131
249;210;191
186;178;204
160;139;228
110;207;212
169;196;230
78;247;232
90;240;246
201;187;223
187;224;191
180;213;243
219;231;200
235;252;160
168;243;140
243;166;109
194;198;170
196;252;85
221;152;164
243;230;54
175;249;128
136;247;199
231;231;166
215;193;219
138;220;204
234;214;139
150;241;145
79;232;192
229;183;150
194;177;212
165;225;127
165;245;248
223;160;196
214;222;124
203;87;242
75;239;198
186;174;157
237;148;183
213;154;150
160;238;132
118;238;175
236;181;228
229;210;100
210;202;149
173;227;147
236;237;242
196;252;235
153;236;192
208;132;231
196;213;214
159;135;252
139;241;194
193;212;250
113;219;190
157;222;156
217;97;232
192;212;130
238;130;169
219;103;219
245;219;253
155;217;179
189;90;228
78;225;227
245;165;234
210;195;206
149;166;205
229;192;207
183;183;195
232;85;253
162;111;244
250;219;52
205;231;141
118;178;215
73;217;238
181;171;209
104;183;224
220;229;172
128;210;198
109;177;253
142;223;201
149;254;205
237;67;219
254;78;227
229;224;191
232;131;242
169;237;152
43;225;241
216;138;213
133;253;147
213;116;172
155;194;216
107;246;187
109;232;167
207;245;154
100;251;203
240;71;203
160;155;207
249;172;201
94;183;236
253;79;236
140;250;142
199;232;191
170;200;174
242;220;99
153;212;217
114;254;204
210;156;238
200;119;246
152;213;194
146;196;176
211;71;221
160;247;156
215;178;237
226;149;137
214;241;114
251;215;107
168;95;250
212;152;229
117;206;201
254;238;99
206;135;244
218;180;211
119;195;203
223;205;193
141;228;209
250;231;155
249;12;242
182;250;189
89;243;175
193;253;85
251;253;34
80;231;244
228;241;165
166;144;233
189;149;202
151;156;217
224;196;217
170;248;254
202;106;249
184;177;240
232;127;231
226;223;243
170;139;249
252;47;213
204;218;192
227;201;239
176;180;220
109;195;231
253;245;40
221;251;51
41;230;246
253;48;215
154;116;233
129;234;225
180;177;159
242;195;215
232;239;42
138;214;231
48;231;227
138;132;250
178;184;146
204;169;252
85;241;254
183;193;143
113;206;191
158;149;222
191;89;230
206;156;206
194;121;208
66;197;245
168;251;126
150;242;191
175;186;184
125;210;242
201;169;188
248;211;194
218;188;221
220;218;185
191;244;88
112;177;228
188;245;167
250;158;97
248;214;58
55;253;203
206;114;193
232;122;241
55;228;246
203;124;238
204;214;193
238;49;244
80;197;251
162;120;224
187;164;244
178;244;165
99;242;161
190;110;224
146;205;231
192;241;126
65;243;237
240;184;250
222;105;176
163;157;184
158;214;169
250;216;69
189;146;177
250;203;51
194;187;180
176;249;101
228;243;173
236;214;97
217;225;180
201;90;242
227;226;147
182;203;226
178;243;200
203;177;171
169;200;171
240;246;186
180;249;251
207;243;153
99;190;241
230;175;126
192;246;114
225;245;134
141;214;236
222;250;173
196;106;232
178;173;210
182;183;153
164;238;185
231;104;194
205;193;225
144;248;242
249;215;136
156;243;196
111;243;236
245;249;26
175;244;183
171;122;243
15;254;233
251;104;219
151;227;208
211;253;147
213;151;223
194;236;216
145;238;253
225;216;225
234;50;239
147;250;215
106;202;249
46;235;228
181;108;231
196;195;126
171;243;217
246;178;150
179;165;198
132;184;207
160;234;234
238;120;143
228;248;182
209;245;47
87;211;227
216;107;190
193;252;146
106;165;251
254;176;224
95;246;181
143;204;225
201;221;98
59;238;231
230;251;195
125;226;229
213;213;94
218;149;153
212;152;250
243;250;177
218;210;183
169;209;163
134;222;205
198;92;218
121;170;252
113;234;219
62;230;237
230;215;78
123;230;220
170;207;149
216;135;243
160;249;164
208;159;197
135;238;173
221;157;225
222;200;207
244;212;189
227;101;192
202;152;248
181;173;185
97;219;225
183;220;208
180;232;141
164;149;240
157;147;250
99;211;229
253;224;90
240;192;228
214;216;115
238;212;140
143;217;200
199;254;187
174;235;173
187;245;89
232;138;167
241;185;177
169;213;120
115;242;208
187;233;206
174;236;189
239;205;63
121;204;230
144;151;251
190;216;174
222;189;241
171;232;173
197;144;251
202;95;238
233;163;109
250;104;161
206;172;207
15;245;246
121;248;202
103;249;176
135;222;210
202;217;179
187;218;169
207;195;230
234;57;252
213;180;253
242;164;238
149;230;225
242;246;219
52;240;217
173;241;135
182;194;159
128;180;221
212;190;183
233;239;250
52;232;244
231;167;206
68;223;239
241;188;179
252;89;183
155;136;252
187;148;201
221;119;252
232;206;168
230;137;220
254;161;139
66;205;252
228;223;56
190;107;252
243;215;210
202;177;143
237;126;182
205;183;215
96;226;202
171;234;100
246;188;115
226;186;142
185;203;185
254;99;193
230;209;154
169;243;93
241;244;253
243;244;54
217;147;243
253;169;97
208;151;151
244;221;100
189;189;235
195;165;200
194;192;131
170;249;218
154;247;136
201;99;235
108;233;251
167;209;248
225;207;210
222;159;191
168;251;84
183;216;156
241;67;217
150;237;245
164;188;220
252;198;90
250;171;84
198;158;247
213;151;251
234;143;247
246;80;185
230;241;105
141;173;231
181;203;126
190;253;187
181;243;246
244;245;217
140;210;209
223;232;104
249;232;110
151;253;122
78;234;225
233;183;147
200;188;225
177;242;100
222;101;238
200;243;178
250;135;131
235;114;241
225;56;240
79;213;251
231;196;127
218;209;254
164;110;231
146;251;117
179;210;183
201;242;244
210;179;243
229;203;103
127;232;200
206;131;179
159;137;220
238;188;94
59;243;239
164;180;238
226;98;190
242;250;190
224;137;239
148;111;254
85;227;224
183;139;180
172;141;252
194;172;170
251;250;206
146;239;230
238;221;200
98;254;170
244;60;253
237;163;170
86;245;201
114;207;241
204;220;210
221;116;223
170;133;225
218;185;162
160;202;219
239;123;247
234;58;254
223;229;199
254;146;209
158;183;250
131;125;246
251;144;129
116;196;251
92;247;170
140;172;200
94;240;180
242;244;97
237;205;72
227;212;132
112;207;237
205;201;158
217;141;193
241;94;215
196;209;169
201;242;121
158;189;217
207;206;237
253;185;210
207;190;106
242;146;180
225;145;149
137;195;182
58;237;206
230;145;165
202;86;253
119;246;146
67;240;225
154;232;192
98;229;219
179;161;245
164;244;209
136;141;234
217;199;177
249;187;201
188;109;220
233;236;152
73;242;251
250;162;174
252;154;114
220;236;83
238;108;247
197;217;178
252;234;115
119;195;234
236;219;171
198;225;231
212;254;177
183;211;240
214;213;87
243;247;235
216;221;173
202;180;234
230;124;235
228;137;154
85;245;194
242;141;230
204;228;205
245;74;250
199;214;120
183;155;209
144;144;244
124;155;251
40;239;253
128;216;187
219;247;91
126;236;244
239;101;223
214;167;167
198;178;146
179;163;232
250;241;155
230;139;232
213;72;249
243;197;150
179;121;234
117;247;171
190;220;124
225;136;212
107;175;221
140;182;236
252;170;246
137;157;231
202;217;106
114;173;229
253;72;203
113;177;217
171;163;188
173;234;175
120;171;253
251;124;145
232;232;168
223;181;228
116;253;170
149;121;246
147;246;151
218;145;226
82;205;214
224;119;253
210;252;219
230;139;209
209;219;145
178;225;146
52;248;203
231;231;234
158;253;243
204;113;210
134;219;231
216;209;142
247;211;94
205;192;104
207;91;208
80;204;239
108;211;227
226;178;211
223;244;170
197;228;83
196;182;159
244;180;190
215;216;205
143;183;183
193;174;144
145;169;219
226;106;230
236;115;219
172;217;142
227;244;177
183;216;250
247;220;215
207;98;213
176;250;130
204;101;224
243;163;154
163;143;222
249;247;50
207;124;233
226;225;213
198;242;180
111;247;158
245;170;247
201;235;118
230;248;179
156;213;240
81;210;238
220;227;103
219;227;124
169;232;139
200;218;99
191;132;187
78;182;250
102;231;205
125;233;235
157;245;133
247;225;107
162;238;106
80;246;236
189;187;138
225;177;167
252;170;87
179;211;130
250;234;93
223;211;226
110;207;247
203;235;237
204;88;213
252;18;238
230;193;160
226;254;243
189;248;248
190;133;243
208;163;243
227;138;162
217;176;135
214;165;217
186;215;210
233;212;64
127;157;236
169;227;144
206;195;254
116;210;236
251;246;4
241;124;163
125;234;159
237;187;101
247;75;243
64;210;252
157;244;238
247;184;113
219;181;252
232;53;254
171;197;235
221;89;211
218;152;167
245;138;191
217;203;111
224;143;195
221;180;102
60;214;232
191;154;156
194;151;207
250;218;197
164;104;234
167;156;186
136;176;238
173;115;253
202;187;237
203;220;177
109;245;248
126;211;213
220;140;141
249;206;168
239;118;187
245;114;241
208;182;179
73;230;233
243;189;115
126;181;201
80;222;216
102;248;178
233;111;184
209;241;168
116;232;215
167;180;246
204;207;253
214;128;215
246;186;71
160;201;146
222;160;226
162;184;167
230;211;144
144;217;220
97;238;206
146;219;223
214;104;192
251;59;243
249;236;135
162;220;237
214;204;246
133;177;242
239;222;60
92;239;227
196;251;137
251;137;117
249;173;225
185;232;199
142;178;245
119;248;140
169;243;110
225;80;230
142;195;192
170;221;115
103;219;189
199;218;188
211;60;238
247;114;188
200;243;194
250;201;98
247;223;182
209;137;228
185;246;198
124;183;211
99;227;210
110;225;190
160;191;175
179;90;252
219;160;160
30;234;248
254;179;162
152;184;252
77;251;202
136;202;201
97;190;246
246;41;242
245;112;165
240;144;197
219;193;220
59;229;240
222;97;214
248;202;73
216;199;232
233;192;168
231;91;233
234;200;231
167;254;171
206;182;162
153;247;224
238;89;221
167;112;247
236;254;125
163;148;225
222;101;194
147;214;140
250;235;178
120;217;188
190;233;240
231;252;26
215;248;196
217;86;240
241;104;183
243;206;195
178;161;202
145;190;236
120;216;174
215;183;152
212;159;202
166;220;177
116;244;230
223;243;61
177;227;168
168;185;221
202;152;172
225;133;191
183;226;209
226;171;184
240;149;168
147;111;245
192;253;115
131;174;249
230;155;144
168;243;169
225;213;237
240;158;176
248;121;213
113;237;236
252;119;221
245;232;103
233;228;132
185;241;225
229;31;252
203;191;142
195;204;153
135;163;240
225;243;113
239;178;122
193;176;217
166;213;235
75;246;246
211;252;160
197;147;180
173;229;211
184;161;200
245;179;212
88;252;193
233;247;220
174;132;199
134;235;207
90;241;212
228;194;157
145;234;145
149;245;160
156;192;179
105;215;246
178;205;120
229;93;226
243;231;33
156;168;179
249;194;101
207;209;192
222;81;253
189;138;187
228;247;55
218;91;221
235;157;233
132;205;192
191;151;202
164;182;208
246;151;237
185;173;209
206;223;156
218;190;231
240;218;148
238;124;157
128;166;239
252;98;231
210;115;254
235;252;138
191;214;250
185;252;114
151;249;222
169;172;247
240;139;170
198;170;193
236;210;238
248;239;185
169;154;180
245;181;108
183;245;108
227;231;238
97;164;245
238;126;142
197;151;177
230;177;222
233;113;184
142;250;161
115;226;240
232;157;116
238;218;243
182;185;162
156;246;155
201;83;254
247;81;193
251;160;172
227;132;215
196;117;214
252;186;136
219;63;233
236;246;90
228;145;136
249;252;235
230;174;156
132;231;141
189;254;132
179;124;234
211;166;207
231;142;233
217;161;252
82;224;199
174;226;196
195;182;165
215;186;110
220;208;227
252;80;190
207;144;200
205;167;236
92;210;212
219;140;195
150;104;253
123;183;218
180;222;225
199;210;220
225;244;45
71;198;253
125;231;190
237;127;148
216;226;205
193;222;170
214;249;50
243;133;172
180;238;156
175;231;153
252;162;217
125;199;214
191;184;197
230;124;242
94;242;247
168;244;184
185;170;187
145;232;204
67;229;227
247;219;106
249;250;126
248;233;244
183;195;157
225;44;252
240;201;90
207;171;154
175;200;230
192;130;248
234;206;119
175;187;156
76;212;218
182;202;232
204;119;249
107;241;173
241;231;120
216;233;75
242;237;86
177;208;134
131;236;146
213;252;244
240;132;178
209;189;134
193;179;220
91;227;226
200;222;95
237;238;135
124;188;252
204;77;225
236;212;221
241;179;223
242;192;243
217;112;194
127;244;203
193;193;245
101;222;181
209;176;208
107;181;224
180;253;169
156;160;246
195;167;220
216;179;106
171;103;237
167;161;239
245;188;156
186;168;248
219;247;55
53;245;211
237;186;101
102;216;231
191;195;208
229;211;249
217;182;242
144;189;239
249;199;54
202;254;65
168;220;120
211;246;109
181;242;79
213;165;142
191;239;254
245;24;245
100;236;252
183;141;247
89;253;203
203;207;235
142;250;142
137;155;218
224;248;114
226;141;196
248;203;130
215;97;197
193;161;161
95;185;236
186;209;188
214;237;201
219;77;245
238;170;250
243;240;149
220;216;170
232;63;242
213;73;254
136;205;224
121;182;202
235;158;226
186;168;153
248;169;230
237;85;254
104;234;212
214;79;236
187;195;158
172;225;215
168;159;180
166;132;205
246;192;75
251;202;117
240;159;155
206;218;104
195;180;167
241;144;178
253;245;6
193;247;108
182;229;158
161;222;124
207;162;251
251;115;155
218;232;211
182;183;213
152;215;184
237;183;175
248;36;244
146;223;212
212;124;170
248;242;71
234;242;137
140;185;197
203;137;183
212;138;232
247;244;37
218;201;128
107;181;240
251;142;113
206;144;250
242;121;175
175;171;254
219;169;149
250;28;239
190;211;165
225;67;249
150;210;212
232;101;224
160;250;245
222;250;113
200;200;235
217;157;168
202;244;157
220;214;219
188;183;157
191;147;180
241;199;151
253;216;184
48;218;249
248;141;226
179;97;236
249;175;99
169;245;234
158;197;152
225;205;199
241;90;248
50;208;248
183;194;246
192;229;106
146;222;164
236;155;170
218;56;241
211;206;168
170;213;166
113;208;225
246;69;215
228;201;101
235;208;68
237;242;224
233;221;184
165;229;199
249;174;108
130;219;220
148;134;225
222;232;109
152;212;163
189;247;225
150;222;208
206;104;254
228;226;117
205;185;174
252;170;220
108;168;232
223;225;110
235;204;246
135;228;208
180;244;211
115;251;201
229;223;148
132;128;244
231;240;133
236;116;212
197;244;193
111;252;157
181;210;113
224;206;77
135;254;140
230;48;224
102;250;208
132;164;253
240;191;115
228;154;195
221;131;169
192;211;228
246;64;241
222;199;233
224;183;114
250;128;146
249;239;187
193;237;122
183;193;179
207;142;160
206;201;237
221;167;206
228;185;225
170;224;124
162;185;195
212;202;113
227;202;134
169;112;241
202;230;91
237;236;212
158;216;213
165;163;182
82;188;243
230;85;241
68;244;233
169;250;115
211;237;180
180;206;248
228;212;155
251;125;136
225;239;234
251;230;91
246;162;176
54;213;254
223;243;163
32;248;247
231;248;55
144;250;192
159;230;119
221;232;182
198;107;246
218;229;54
228;170;242
235;144;213
252;236;249
228;154;169
103;202;248
58;247;214
90;220;243
207;228;67
249;191;75
186;192;183
193;137;219
201;134;221
148;218;236
248;202;147
249;116;162
159;161;212
147;195;172
150;179;234
171;115;227
223;234;197
208;172;151
245;83;245
177;115;237
159;155;188
161;169;216
168;119;230
161;219;185
102;246;214
112;252;179
247;208;158
205;189;138
172;166;186
241;69;240
236;165;163
253;122;243
198;194;169
228;218;224
246;117;175
141;199;254
248;150;242
208;215;107
237;96;230
228;212;113
202;205;139
225;198;108
229;228;73
127;250;128
228;229;213
136;200;194
123;189;203
188;92;233
208;240;127
166;182;218
199;204;113
61;235;208
224;243;253
178;212;207
240;202;126
160;237;240
180;90;253
136;254;241
181;200;209
220;183;173
55;208;244
202;213;184
146;223;160
210;177;163
243;233;222
150;220;152
178;242;160
166;212;130
199;248;225
202;208;196
243;42;238
134;208;203
224;251;131
155;247;245
246;207;62
175;129;228
206;115;216
188;99;216
195;90;227
133;165;235
222;96;208
205;181;157
194;214;172
192;241;187
217;110;253
122;243;246
128;171;225
208;231;231
220;229;54
68;236;246
213;131;224
56;250;252
131;227;216
165;205;177
170;91;251
87;187;236
146;104;252
243;245;103
207;174;240
172;254;169
205;178;129
203;214;148
132;241;242
177;171;162
250;156;118
77;224;234
222;242;82
173;241;162
209;198;118
203;234;176
221;211;230
246;186;205
155;169;222
245;219;198
249;146;183
217;228;125
247;204;123
234;101;171
171;254;221
85;251;247
238;133;151
220;219;167
166;195;191
220;223;160
122;165;219
189;189;142
194;104;253
208;216;223
178;237;121
211;176;126
222;225;142
252;129;186
238;189;157
218;217;208
157;248;187
76;243;222
197;115;240
246;195;124
113;242;188
248;208;179
245;222;67
105;243;168
210;128;217
238;146;172
207;207;180
234;49;225
194;209;152
107;214;204
224;245;199
174;244;158
168;181;177
194;248;102
193;218;136
217;193;238
215;181;208
181;239;133
180;186;200
217;228;153
175;216;117
144;226;213
246;247;182
187;131;222
226;215;133
159;242;168
145;166;244
226;62;231
150;208;146
159;225;128
91;238;228
118;158;252
207;98;216
239;219;142
140;182;195
211;227;102
167;211;154
244;241;101
73;236;223
218;133;227
166;219;116
199;147;232
203;238;87
220;150;203
253;99;168
230;102;227
85;211;223
78;229;207
185;166;186
181;188;208
209;215;140
234;218;199
172;144;227
238;231;135
233;124;249
236;226;227
100;237;186
248;211;113
162;236;227
230;155;242
223;96;221
247;236;129
233;129;163
220;159;180
207;138;190
249;197;148
176;201;137
209;228;183
202;180;230
124;229;209
190;184;253
155;227;126
85;216;227
212;142;210
184;215;233
135;147;248
169;247;114
179;206;152
171;219;151
160;223;247
246;167;226
247;81;197
143;144;243
180;104;228
178;163;227
240;143;163
168;144;228
252;17;250
247;224;67
66;220;221
84;219;246
195;186;184
202;201;187
106;200;204
151;172;219
215;62;251
145;248;222
199;147;212
230;179;122
113;143;254
114;166;231
237;206;137
194;179;228
223;225;117
209;209;228
211;198;128
198;213;225
173;247;204
144;250;138
230;214;229
193;230;123
126;253;140
194;199;114
179;225;233
120;228;252
185;197;221
226;153;247
235;243;241
220;239;49
136;200;227
214;157;254
148;186;227
246;247;91
88;249;197
79;199;249
208;174;205
235;234;215
176;162;202
189;153;218
157;157;191
171;239;137
160;154;213
62;247;208
210;223;124
187;160;209
241;83;228
135;218;159
227;159;144
181;157;196
215;253;253
247;57;229
170;249;241
216;85;223
191;125;210
149;168;217
196;139;192
186;158;206
130;232;171
252;173;157
145;124;238
236;185;212
168;214;223
191;164;152
216;237;141
166;199;206
202;227;115
205;188;117
203;190;133
198;150;203
183;229;252
121;228;165
102;226;199
205;226;232
234;172;247
182;158;220
214;193;212
238;69;237
207;77;229
213;195;102
106;226;250
243;166;177
143;217;205
225;88;239
229;141;154
245;208;96
185;204;132
221;239;113
225;240;134
198;218;143
240;239;175
58;204;243
253;201;91
190;190;190
160;211;226
253;218;93
101;238;215
242;144;245
90;240;206
214;254;134
222;191;232
77;179;247
205;60;253
152;244;254
153;242;234
243;51;246
162;176;196
75;252;188
84;254;179
185;247;149
66;241;251
209;205;216
23;233;252
142;241;229
211;116;183
157;226;250
247;134;200
180;177;152
213;249;113
122;200;185
252;179;246
223;249;223
251;203;107
201;173;186
124;198;254
93;235;244
160;204;211
250;54;221
197;248;203
253;194;63
175;162;187
126;237;220
190;116;229
236;210;67
147;196;230
177;195;177
188;131;186
202;170;245
194;174;228
117;218;233
207;252;240
238;135;177
179;216;178
239;138;124
201;132;244
222;254;32
253;198;60
144;245;173
158;142;254
198;133;200
217;152;214
127;233;181
193;226;153
206;171;200
253;172;237
191;235;202
208;174;246
249;193;74
203;252;59
186;204;201
245;174;134
151;224;218
242;200;150
227;138;244
217;185;220
185;220;197
133;166;208
219;113;217
186;128;254
204;194;216
149;145;217
241;67;193
226;95;233
229;254;225
244;189;191
241;180;141
246;112;163
146;243;191
253;144;246
213;67;240
202;249;126
251;183;210
251;241;225
125;235;148
185;80;240
230;240;221
126;220;230
148;209;213
83;253;171
143;238;233
230;218;152
79;241;219
208;201;174
68;238;202
73;243;192
202;186;145
226;223;253
171;238;104
249;51;225
80;225;248
229;126;185
184;248;228
214;187;244
234;153;151
227;209;111
225;244;194
211;252;62
244;88;225
187;203;223
220;181;141
244;216;220
247;137;119
153;243;190
163;221;227
186;207;165
190;123;201
210;198;226
225;250;159
123;229;237
120;224;246
240;184;199
136;242;130
98;204;204
188;225;112
223;78;224
141;254;177
126;245;152
141;220;199
247;122;253
73;191;242
231;55;230
227;163;226
172;135;237
190;169;229
193;176;157
207;200;177
249;101;185
247;121;208
250;75;221
115;160;230
195;224;221
118;219;225
238;171;176
156;231;199
207;128;244
55;253;195
234;91;216
85;198;239
236;131;227
176;204;173
241;125;185
167;136;224
181;242;83
92;235;175
250;223;193
134;254;193
253;251;44
250;159;248
190;200;197
130;193;190
176;235;122
173;161;176
168;129;241
254;199;207
244;189;200
119;186;221
29;253;232
233;247;188
169;229;156
198;192;185
234;191;251
93;168;251
204;170;166
164;178;218
253;83;216
125;214;234
214;151;239
246;215;178
149;156;213
236;189;251
203;163;144
185;229;167
250;237;128
81;237;218
252;122;212
254;64;211
154;189;204
165;126;218
235;148;167
231;249;123
231;74;204
239;197;132
181;224;218
192;232;232
237;24;246
215;187;207
247;203;162
133;226;152
141;248;125
173;199;254
234;248;151
139;237;131
134;211;169
192;204;122
219;239;122
245;195;234
203;211;130
107;224;251
173;215;141
253;244;236
210;181;205
242;176;139
159;246;117
254;135;247
95;206;230
201;228;107
169;188;184
248;232;206
39;251;232
152;176;240
232;199;88
176;218;201
224;187;181
193;174;150
216;185;113
254;233;200
253;197;112
248;188;88
149;184;254
132;223;206
138;177;196
212;234;142
186;204;190
240;126;230
244;253;242
224;114;181
148;216;210
221;180;223
150;238;135
200;192;175
204;197;136
168;245;153
220;76;251
157;218;205
142;150;231
186;234;85
110;182;228
170;236;234
237;218;143
210;189;109
225;233;107
210;245;49
241;126;202
112;204;197
155;148;252
205;231;92
155;191;225
120;218;237
217;109;195
161;209;226
120;247;233
125;220;185
188;198;169
203;222;85
45;244;222
158;238;227
242;47;241
167;181;253
54;254;230
247;246;48
244;238;50
251;180;116
146;223;181
212;182;117
218;245;75
202;140;174
215;205;93
187;233;110
234;246;111
176;236;96
206;245;145
167;226;220
152;178;231
232;97;179
249;74;249
250;203;85
198;113;238
210;174;146
121;230;221
249;167;161
135;230;167
153;240;124
130;254;216
214;188;247
170;128;232
191;210;238
187;197;207
216;217;110
222;230;241
213;187;126
252;93;165
212;124;169
68;240;217
214;210;251
235;142;194
239;245;188
211;135;208
241;212;190
185;214;187
245;157;254
108;202;193
158;160;192
151;240;118
185;165;231
247;210;71
201;249;216
254;94;210
250;193;190
227;243;171
222;200;153
217;165;246
253;170;149
205;233;164
155;232;192
158;158;226
198;218;163
216;131;230
206;215;216
120;153;230
170;183;150
155;120;236
212;166;149
214;132;196
235;197;162
231;118;244
234;184;220
159;247;248
179;253;203
246;126;187
153;118;234
138;249;160
250;210;105
253;91;236
188;166;222
148;253;228
165;250;138
152;239;176
200;146;240
166;250;118
148;119;254
208;203;182
171;240;215
139;213;223
181;183;141
118;249;171
208;209;146
205;164;212
196;196;190
234;245;184
132;250;229
191;203;182
199;126;185
114;214;200
239;100;179
228;237;118
143;206;205
248;144;204
151;222;206
103;249;158
213;182;108
224;182;141
163;122;231
226;242;67
236;81;212
170;244;184
191;110;216
147;191;252
241;206;166
193;187;238
248;53;209
172;193;213
226;201;225
183;120;227
229;183;151
235;197;106
241;170;101
221;238;70
240;120;239
222;237;204
215;213;235
212;252;198
247;136;214
213;107;215
181;126;245
217;101;223
237;160;229
226;214;65
200;220;224
245;213;222
179;96;254
130;226;214
90;223;229
204;224;102
254;47;233
179;235;187
177;210;145
126;250;245
195;238;161
217;177;160
152;243;176
234;198;74
198;110;253
204;125;194
126;124;251
143;247;138
205;144;207
253;160;191
248;250;7
193;186;123
141;229;241
179;226;247
102;194;225
204;223;103
147;203;210
201;166;172
145;211;240
231;238;158
180;194;155
234;150;131
238;246;210
200;130;183
146;253;124
230;184;241
97;169;246
119;241;235
252;135;205
226;208;166
165;158;224
227;62;227
241;68;203
112;252;187
233;85;210
193;191;157
152;245;240
184;120;232
216;143;181
76;236;245
241;80;191
241;250;97
199;204;158
237;179;220
188;173;209
237;82;192
203;216;157
223;154;217
237;155;119
100;181;245
98;227;177
252;95;229
143;213;161
157;125;232
240;124;190
127;135;242
129;201;179
143;188;202
201;231;237
150;216;219
176;182;184
169;205;242
215;133;243
157;228;187
178;206;127
206;252;153
190;191;153
212;208;140
248;239;100
139;237;144
232;126;240
127;240;166
205;83;254
226;227;98
243;173;214
198;189;227
232;50;242
228;156;178
223;137;182
134;194;239
157;249;163
206;235;179
115;197;240
157;165;197
92;245;248
232;59;239
245;249;242
149;240;241
160;159;219
242;236;74
88;236;235
122;197;232
213;248;144
212;131;179
253;217;33
237;119;169
200;126;228
198;151;189
204;243;214
78;237;193
120;183;209
59;245;218
66;233;203
249;216;140
156;245;123
243;240;188
229;242;222
243;70;238
197;233;122
110;213;205
67;251;249
172;96;245
238;206;60
180;222;172
181;169;241
127;211;225
199;206;216
246;194;250
231;86;245
226;173;104
187;138;188
225;254;171
205;117;185
236;159;117
229;185;137
142;227;208
165;239;202
233;114;251
179;159;169
203;154;251
23;250;246
200;251;153
153;204;158
244;198;252
138;239;246
101;221;249
235;160;202
230;194;84
41;221;245
218;227;160
220;233;113
131;253;152
242;158;237
207;167;165
227;111;226
201;216;112
161;241;138
249;239;110
253;224;160
190;175;210
181;225;238
165;104;248
230;228;142
244;152;130
194;188;181
136;227;148
200;110;194
163;194;160
232;71;200
220;88;241
209;108;199
238;133;131
74;231;223
221;241;138
159;151;249
165;179;199
108;232;193
235;59;249
175;192;167
239;132;146
215;77;223
239;200;65
112;215;226
173;196;197
219;252;141
228;188;169
116;249;182
194;100;245
155;225;199
184;86;232
202;206;128
232;25;247
254;206;191
118;194;232
169;162;252
178;215;207
82;232;236
229;153;217
204;168;173
236;218;88
169;192;218
133;126;249
223;144;218
234;174;143
125;205;217
232;245;148
172;242;166
189;252;60
173;192;236
229;119;156
248;155;166
224;151;146
234;37;245
60;240;243
228;188;168
242;148;170
247;157;165
134;184;229
205;233;247
180;247;116
160;195;196
51;251;200
236;139;197
193;150;244
222;133;224
208;202;197
150;184;205
194;101;223
233;104;174
243;148;110
228;99;197
246;206;103
194;220;251
234;200;171
179;145;204
232;243;71
99;246;217
222;178;235
216;233;152
158;152;212
243;95;205
178;174;210
223;116;189
140;245;228
143;195;240
240;251;24
148;193;179
195;176;235
244;74;234
242;252;19
253;165;243
252;247;45
47;248;214
254;226;166
117;211;244
127;207;231
229;243;59
97;209;250
226;210;252
45;250;245
142;118;242
216;136;152
248;41;240
33;252;221
247;86;169
218;189;108
100;250;205
118;237;151
196;165;152
149;189;179
194;188;147
241;207;211
165;235;114
163;228;223
144;188;182
238;245;109
118;190;252
128;227;228
241;30;239
241;100;241
66;206;243
203;147;185
249;71;240
188;194;215
250;192;199
209;251;50
244;164;202
217;143;218
238;181;160
148;210;186
112;170;243
210;212;249
205;225;199
113;179;228
198;224;199
228;252;239
172;166;210
235;172;145
103;185;240
235;252;104
196;215;236
248;147;204
228;140;236
113;167;244
251;209;111
252;163;130
40;234;230
203;253;76
114;227;252
204;238;70
168;156;198
188;201;178
223;149;151
155;246;227
88;216;203
209;227;251
237;181;176
177;209;128
222;237;78
98;176;251
127;253;220
242;229;168
220;252;63
128;199;254
72;201;232
188;145;183
187;248;250
198;218;191
196;191;207
204;171;175
213;228;63
249;102;182
74;251;203
251;183;158
229;120;188
133;250;140
156;224;210
163;198;200
202;250;159
131;237;174
238;228;136
221;105;227
167;213;226
232;247;74
193;145;217
114;247;215
213;129;241
190;169;144
149;171;223
150;226;220
237;46;254
190;234;154
243;160;150
172;232;226
245;245;187
211;170;204
163;108;239
230;120;181
171;243;146
237;171;180
191;167;198
204;180;205
161;206;246
139;121;251
205;134;242
216;152;236
205;163;183
211;220;138
187;179;177
251;184;190
221;43;239
158;226;130
249;219;98
166;186;235
146;228;175
252;156;144
243;168;228
248;151;197
151;220;164
206;223;182
212;253;105
168;234;245
86;208;214
233;155;176
114;230;238
220;172;241
207;131;203
251;241;19
107;202;227
133;232;241
242;176;171
237;176;182
221;108;205
70;245;253
192;210;144
196;186;201
120;205;227
102;187;226
196;175;148
238;166;140
159;253;251
252;243;63
240;227;66
172;178;235
236;111;237
242;122;238
220;112;169
192;242;81
249;234;82
242;105;241
199;158;210
197;228;222
91;244;240
208;249;226
241;89;205
237;216;245
216;169;118
166;166;187
144;215;171
230;152;227
214;228;153
240;148;225
138;195;168
227;62;213
37;236;248
206;122;226
177;252;121
101;185;241
253;140;145
202;168;252
198;182;132
231;130;250
224;61;247
252;207;184
175;250;240
236;167;202
108;189;246
239;127;224
159;201;176
236;64;201
240;130;136
149;196;222
248;204;224
185;210;130
230;185;222
227;232;92
169;212;171
73;215;226
252;54;216
230;131;209
216;182;172
79;205;254
65;243;209
193;223;205
250;211;204
172;239;242
246;153;167
173;184;189
53;245;205
192;192;185
182;230;143
225;118;235
250;215;163
115;189;220
111;241;227
203;198;161
210;242;66
220;182;99
242;130;205
103;208;253
237;125;245
234;198;231
230;118;202
146;158;213
76;206;243
66;251;192
137;192;219
209;228;121
219;167;137
141;217;168
248;179;115
192;170;223
233;180;164
125;249;165
236;179;211
233;187;230
252;207;111
241;249;242
227;146;140
150;168;233
232;193;193
201;241;62
115;212;179
226;237;71
181;196;164
225;103;193
253;175;169
139;161;248
119;247;188
200;241;90
248;40;237
116;200;233
185;213;196
214;160;241
188;132;185
234;254;195
224;168;156
186;208;208
198;225;174
215;170;246
250;149;154
97;239;202
111;228;181
241;215;226
206;213;239
252;134;218
169;192;251
223;249;224
218;173;206
235;132;202
173;200;169
204;212;167
232;241;132
130;216;246
245;111;231
117;234;161
243;230;242
165;207;149
234;160;179
248;163;110
191;222;121
200;220;250
202;221;201
224;65;218
195;180;149
171;218;124
197;215;150
233;177;121
203;248;56
224;113;187
238;170;194
206;235;99
249;135;247
134;242;169
240;52;237
144;240;173
244;184;83
124;229;195
246;162;142
117;217;196
182;147;235
161;233;172
241;125;179
228;160;178
170;241;220
242;196;180
113;252;242
100;196;212
224;107;215
218;152;156
179;220;211
167;165;207
192;194;146
189;244;138
214;217;115
203;202;116
179;183;245
154;219;220
146;150;233
222;205;254
169;242;98
211;137;178
226;225;205
220;186;103
219;235;136
221;239;180
155;160;207
223;245;209
191;244;141
134;191;225
198;251;202
114;169;254
207;232;62
142;220;168
128;253;252
251;190;253
234;251;241
140;202;205
172;167;185
96;222;184
133;198;173
146;218;148
179;220;126
119;227;175
181;188;217
247;167;188
146;182;241
245;166;122
246;146;208
116;250;159
156;116;229
187;198;217
251;114;147
162;180;203
129;208;194
251;207;147
254;124;216
236;104;232
174;222;203
214;169;235
221;183;110
196;143;169
199;145;231
219;243;227
242;45;233
247;248;183
214;49;252
164;157;201
205;237;69
219;168;142
200;193;229
74;230;226
208;149;187
204;183;236
182;117;231
173;168;167
220;159;188
248;234;187
222;215;161
231;160;156
147;249;195
251;1;254
187;203;232
162;161;203
225;136;175
179;122;231
104;210;217
113;224;207
116;224;223
238;196;163
227;132;169
184;178;204
244;244;121
162;119;254
199;199;104
254;243;188
211;179;118
117;213;226
247;174;123
194;194;173
112;246;223
234;167;126
227;222;81
227;233;138
96;152;253
36;223;247
177;241;148
222;245;247
247;56;199
138;231;148
232;163;179
237;225;44
251;67;217
178;133;194
254;161;178
144;248;251
239;52;248
215;219;130
229;167;201
253;98;252
246;208;211
98;209;201
226;113;202
234;78;237
154;251;161
200;176;141
213;211;81
213;86;210
167;202;188
134;182;215
180;158;209
202;187;126
154;221;146
187;219;130
208;123;243
224;169;172
175;193;139
246;135;188
104;241;159
206;174;210
199;223;198
118;250;139
214;225;181
244;179;194
167;161;205
241;253;104
229;204;242
205;185;155
182;238;106
129;253;237
41;232;232
251;122;184
238;131;149
224;124;241
221;69;247
69;250;232
95;250;254
193;122;245
147;248;201
143;162;217
207;144;188
185;116;234
239;152;142
147;152;248
202;168;134
173;148;234
221;245;138
243;221;96
220;158;140
87;241;242
190;125;234
236;92;240
139;240;153
136;222;163
235;214;243
184;136;253
175;209;193
210;144;247
161;204;174
78;242;207
191;242;207
123;219;188
193;225;177
191;195;224
253;51;247
116;246;150
164;200;245
205;226;244
83;228;240
235;184;126
172;230;105
141;151;225
175;224;165
158;253;185
239;119;251
215;243;162
193;225;240
250;186;235
178;108;242
250;171;101
242;195;246
207;253;229
162;237;197
173;149;196
194;246;191
194;218;198
232;152;143
150;158;211
239;167;116
187;164;198
50;228;241
85;185;232
129;159;238
233;94;192
222;137;197
188;250;180
235;129;232
128;251;213
251;39;243
103;225;173
225;246;132
202;180;177
225;104;207
220;149;251
184;254;236
240;177;214
126;253;177
206;222;203
101;229;173
253;56;236
223;137;167
167;176;251
156;151;251
189;217;203
169;107;235
214;186;126
136;182;213
212;203;119
232;119;162
236;107;195
188;159;214
244;228;62
241;197;70
192;199;155
213;115;179
119;234;168
246;114;198
250;128;229
252;254;252
151;216;183
183;159;188
160;248;152
249;88;203
231;253;97
205;104;219
250;181;130
96;254;153
140;227;186
107;243;217
179;229;166
176;115;222
198;164;213
250;235;54
146;202;244
120;202;187
101;233;209
239;38;242
222;218;162
147;237;247
165;187;159
180;226;250
62;252;221
141;206;181
160;236;230
195;189;184
116;141;253
174;208;171
162;230;248
70;246;235
175;224;216
222;110;221
205;189;252
217;158;243
93;252;200
148;212;233
232;115;238
171;220;229
219;171;173
224;190;141
211;232;99
64;231;216
251;211;118
240;252;51
243;199;170
211;219;244
162;197;164
116;225;169
154;233;150
254;249;45
176;120;247
205;115;204
64;214;224
228;161;197
139;244;198
166;254;142
226;121;246
114;211;189
193;235;167
134;252;120
233;210;166
104;208;226
152;172;221
234;209;116
201;201;232
224;171;229
209;116;231
237;168;199
209;145;174
164;160;227
106;205;244
249;140;190
213;209;209
231;157;156
243;213;223
121;212;232
96;225;226
80;240;218
130;253;180
203;248;247
122;196;217
242;97;230
241;187;236
173;214;217
247;240;249
219;158;251
103;250;215
251;240;225
122;198;216
208;196;244
239;181;132
224;59;221
116;171;226
106;191;233
156;193;202
180;104;221
242;201;114
179;181;201
55;240;226
239;230;254
235;149;169
200;236;130
101;244;161
209;251;113
247;119;137
183;110;254
80;219;218
209;152;201
185;190;126
182;149;172
197;174;227
237;138;204
144;197;198
161;145;206
206;165;235
219;166;141
128;249;253
151;237;237
209;99;248
156;225;149
238;189;95
207;120;184
229;132;193
220;142;197
163;138;239
217;225;125
203;190;241
223;70;248
234;103;251
174;94;234
251;78;247
250;251;77
220;185;131
166;232;125
83;250;207
168;159;209
178;238;211
227;228;251
217;72;234
211;155;236
232;125;172
211;226;96
253;84;183
148;224;177
178;227;115
139;241;130
224;186;191
241;223;100
23;249;247
237;215;206
61;244;243
179;111;243
193;247;122
122;195;220
197;232;175
231;87;236
204;177;150
176;216;243
178;110;253
178;120;253
78;206;238
185;187;176
162;185;247
105;196;210
231;229;247
253;51;225
207;240;95
241;146;155
207;241;107
249;206;190
212;77;233
44;233;242
67;253;219
231;238;159
203;218;115
232;240;170
253;53;246
238;195;244
221;194;161
51;215;242
170;250;86
226;246;39
124;229;239
250;248;251
229;221;224
177;154;191
165;231;170
141;224;172
239;170;100
234;233;215
241;124;165
219;44;245
207;168;195
148;192;174
101;188;252
137;125;239
147;124;246
100;249;180
141;236;185
244;244;229
180;164;204
176;103;227
236;247;66
197;242;239
245;212;203
222;230;161
145;246;229
191;244;244
240;17;245
253;225;153
201;194;131
189;252;79
107;224;191
181;117;251
194;119;192
249;231;79
230;236;155
189;231;152
174;241;140
209;225;157
247;233;96
245;199;95
244;177;139
236;251;237
243;189;134
215;191;185
183;168;222
248;153;224
210;227;207
111;167;241
144;247;130
203;244;226
205;186;240
243;254;57
214;196;241
204;157;208
253;183;204
118;234;243
179;238;94
236;190;173
217;196;216
237;74;204
164;193;245
143;218;198
59;248;207
163;201;194
201;133;242
200;213;172
208;241;237
199;234;90
233;86;240
243;105;225
155;195;233
184;238;130
219;225;67
207;195;214
219;189;190
163;217;146
207;210;150
166;182;178
133;187;201
171;144;215
225;227;186
52;252;248
228;63;226
137;193;241
254;92;219
244;200;129
102;230;175
178;213;228
201;185;215
76;210;241
254;225;190
56;230;218
217;104;220
188;237;131
157;120;254
120;242;227
161;229;150
183;252;179
243;120;226
149;237;252
194;117;231
171;224;192
140;184;207
228;194;164
202;118;201
153;132;232
190;253;143
197;177;132
176;119;207
158;250;134
231;83;193
213;109;215
162;126;241
151;207;238
238;66;211
206;126;211
211;218;219
198;115;197
185;113;229
143;124;253
245;232;171
233;50;241
180;113;232
245;196;240
226;186;182
220;102;221
199;240;73
60;245;246
89;227;242
248;212;169
167;205;242
220;143;215
162;218;133
225;129;226
187;177;236
253;210;95
32;243;226
235;183;208
198;143;187
197;233;214
213;141;173
235;191;153
78;241;215
87;217;208
221;242;68
253;142;205
179;235;168
192;230;128
212;106;197
142;254;201
247;238;195
254;97;164
219;137;239
252;216;222
200;131;180
167;223;219
220;145;233
218;76;228
107;196;216
248;98;169
205;142;194
134;173;246
99;162;247
233;166;252
230;48;247
116;230;173
235;38;237
241;205;216
122;172;215
187;230;88
142;228;223
127;223;230
157;249;188
248;164;193
251;155;138
179;134;197
158;205;253
151;225;149
159;211;196
226;168;108
174;240;105
103;196;204
192;168;174
254;138;172
124;218;192
232;117;162
63;247;220
236;198;247
254;221;193
139;236;187
244;157;101
181;176;221
161;111;230
149;213;214
234;134;147
219;223;121
243;151;114
209;227;225
242;140;223
157;172;195
254;135;156
158;248;106
183;201;142
211;207;90
254;234;187
201;149;178
96;201;251
183;222;109
194;209;124
163;243;194
199;243;140
197;133;223
239;88;182
120;245;220
210;92;251
196;227;243
142;144;225
223;237;143
173;220;191
241;196;111
212;203;163
225;235;111
173;201;145
174;234;232
124;147;246
237;166;115
243;195;250
224;194;148
173;235;150
112;186;222
151;165;208
51;232;222
244;86;225
23;246;246
194;200;210
188;170;204
160;241;194
185;164;183
192;254;178
185;247;184
222;153;238
248;229;102
233;239;245
201;215;254
234;135;143
245;243;77
224;195;122
231;104;169
107;160;238
219;242;86
230;127;177
76;238;204
176;143;238
239;243;228
186;163;183
244;169;105
166;191;204
81;220;222
217;222;77
166;211;139
226;127;211
247;232;88
58;246;206
242;138;174
201;211;231
237;192;107
200;234;96
232;105;201
245;218;85
162;161;183
57;211;249
233;98;251
222;210;81
240;34;230
113;142;246
212;87;246
150;242;194
166;178;213
220;182;177
227;221;130
203;148;210
169;251;107
225;121;254
166;243;178
241;52;213
249;167;96
84;219;219
234;212;66
226;183;140
216;190;139
193;107;212
177;159;209
205;70;245
223;184;194
242;222;43
177;218;132
133;213;250
202;122;230
254;214;171
248;182;165
139;205;237
221;215;130
128;253;137
210;54;250
239;203;188
128;223;172
130;177;196
253;243;164
190;191;205
175;126;200
254;61;199
254;50;244
177;117;236
187;128;238
142;226;151
180;212;168
210;111;180
204;245;235
248;198;242
129;189;197
196;224;116
183;136;201
244;223;161
154;231;183
79;215;208
238;120;145
254;53;216
218;78;234
205;213;216
214;141;244
211;79;238
227;251;202
192;139;232
200;172;231
235;87;191
116;253;211
118;252;218
223;182;216
230;231;251
187;226;97
203;202;246
248;229;178
239;197;233
217;212;154
247;207;208
251;216;120
148;188;222
177;134;249
208;225;187
237;124;156
171;177;209
222;185;181
183;197;204
72;205;228
152;140;217
198;233;189
215;145;238
212;219;82
241;209;155
246;63;206
213;209;159
198;212;176
130;199;191
173;231;106
249;187;85
117;207;241
235;251;198
247;137;186
168;236;236
106;203;221
227;225;226
239;140;185
205;148;248
176;224;117
214;227;61
181;122;214
228;158;155
201;97;226
145;197;198
211;132;158
193;178;205
177;243;90
77;197;238
227;241;131
128;210;249
226;179;244
201;154;183
211;196;167
208;211;165
236;127;226
119;204;202
221;213;134
200;231;139
175;98;236
144;251;157
165;243;244
168;171;198
177;175;165
217;142;146
135;226;171
137;167;229
220;247;111
192;233;119
251;215;128
197;141;169
94;216;229
165;192;159
231;119;153
136;190;197
205;92;247
212;229;93
203;195;140
252;211;202
153;238;239
190;249;164
253;205;215
205;158;244
148;212;187
158;218;138
233;156;206
185;229;153
233;207;171
254;143;138
253;180;233
172;198;227
232;239;80
166;140;209
214;203;254
160;167;179
198;213;127
239;146;171
214;208;130
244;141;187
164;220;231
213;103;225
241;197;244
148;220;186
216;183;121
248;176;165
223;225;144
195;166;242
248;228;129
194;246;217
168;226;155
197;129;195
224;197;107
69;238;212
247;215;198
213;193;104
142;184;254
249;218;70
186;228;116
235;198;241
117;245;216
164;238;134
187;196;147
223;119;175
244;249;156
165;227;117
243;39;239
127;141;241
149;155;218
228;232;73
113;243;198
215;83;218
158;227;215
241;179;158
192;210;193
182;152;252
74;245;188
135;250;177
225;192;204
177;251;221
216;247;218
182;200;244
101;225;175
145;128;250
247;243;174
237;210;183
229;189;88
170;224;183
250;210;235
155;218;181
242;114;204
149;253;212
171;146;229
250;176;127
215;150;244
158;187;208
217;140;218
131;188;225
153;136;218
223;187;164
214;246;135
188;254;157
173;226;106
173;202;185
223;240;43
247;234;214
247;235;218
145;231;156
215;233;169
145;120;241
139;195;227
205;223;122
243;196;120
111;254;192
161;236;118
238;182;196
65;216;242
204;190;149
92;218;197
165;191;238
253;151;227
137;248;220
229;201;192
250;208;195
253;168;105
226;123;252
200;173;212
232;135;154
165;168;249
192;212;114
228;118;158
116;189;223
111;191;241
173;243;142
156;205;213
253;51;230
180;167;238
145;114;245
243;188;201
159;199;246
215;237;240
248;244;55
226;239;82
168;143;193
163;101;250
167;248;89
117;248;140
120;183;235
156;249;188
156;206;209
241;183;206
251;115;226
182;136;245
45;247;211
101;209;199
228;82;236
243;102;207
197;195;120
162;183;210
226;175;196
196;249;129
92;254;167
222;107;190
192;220;110
145;120;252
211;202;97
96;238;189
253;108;230
170;137;234
138;146;249
160;220;192
190;157;189
197;96;235
118;241;164
252;207;88
233;214;104
179;107;236
55;221;238
254;148;109
169;168;182
199;114;213
178;196;253
224;231;103
244;97;232
249;227;84
183;191;193
246;216;177
184;247;253
169;236;144
225;166;127
159;233;140
126;188;195
134;243;230
160;109;247
218;155;217
246;114;162
250;254;47
216;222;105
221;175;247
159;217;204
216;196;102
194;204;125
240;231;44
183;202;192
236;48;247
209;182;169
154;152;229
125;250;221
127;231;145
75;190;243
230;72;238
211;223;89
159;219;219
157;155;215
193;103;215
148;214;146
120;146;254
173;161;181
250;251;143
163;158;180
239;89;192
242;209;131
238;170;239
208;153;198
237;108;233
194;70;242
217;183;108
237;219;80
208;133;225
205;156;160
180;189;137
240;238;215
191;253;216
155;150;251
209;227;65
60;229;223
230;126;205
240;187;163
238;230;121
211;247;159
225;128;227
216;214;220
112;200;198
180;213;230
249;216;213
130;155;236
206;223;137
174;190;226
254;180;191
245;119;199
224;162;122
164;237;111
229;225;216
232;209;144
226;236;125
218;119;241
159;224;173
168;148;195
159;194;168
136;201;200
229;240;82
236;95;198
162;150;197
236;107;220
247;168;147
233;197;99
79;224;244
231;209;130
202;245;184
247;99;175
230;160;155
149;249;123
133;219;205
158;148;254
213;254;95
56;233;252
234;232;155
227;241;51
239;149;123
202;196;149
113;239;212
189;217;227
175;138;231
240;189;244
117;200;196
176;195;169
160;231;158
230;246;166
51;225;254
253;80;192
241;224;56
142;227;200
227;153;241
217;177;238
229;152;215
215;128;189
199;91;232
242;212;212
114;233;208
199;183;237
243;200;83
243;126;199
253;234;229
186;213;248
230;114;174
159;232;220
193;179;175
192;176;178
194;182;138
230;213;117
206;251;161
159;191;178
249;226;208
225;95;203
178;199;166
178;137;225
225;229;171
211;163;252
185;228;213
104;235;184
182;241;90
126;168;252
195;227;142
136;242;230
226;202;159
232;148;153
126;201;185
218;166;201
204;191;110
211;223;153
90;253;250
170;194;185
239;181;212
245;197;84
156;160;225
215;251;67
88;238;211
157;208;225
178;213;127
218;53;242
213;183;143
137;238;237
166;88;253
226;226;245
239;229;212
248;155;239
170;205;164
130;223;205
203;181;225
246;253;213
218;224;109
215;189;118
246;250;153
229;197;117
141;198;244
254;118;156
233;154;187
189;212;127
208;192;116
219;150;229
223;87;230
237;239;254
227;229;208
163;246;200
211;148;157
148;210;224
224;212;100
245;210;196
227;181;201
242;191;129
204;225;136
74;251;249
126;192;234
148;193;204
214;189;184
134;212;195
169;199;209
219;219;142
248;31;241
193;207;245
225;119;242
188;96;250
211;164;165
199;244;232
111;249;234
246;211;200
190;135;234
152;231;240
230;245;99
172;184;206
143;229;227
173;239;89
254;100;195
239;95;194
124;244;231
210;241;62
178;171;249
80;248;236
220;203;112
215;224;252
227;157;144
209;125;174
252;138;161
234;119;151
132;221;187
203;234;158
222;236;245
178;183;207
217;96;193
185;121;222
179;79;249
253;53;253
230;177;249
238;177;199
239;113;173
251;106;154
192;126;236
247;227;39
104;208;232
231;225;45
104;240;174
211;131;174
54;253;227
121;174;223
244;61;232
173;239;104
229;131;210
162;142;201
112;176;215
223;224;175
200;177;198
230;230;215
179;106;237
101;187;224
217;194;117
123;228;169
240;65;232
239;38;244
249;192;252
212;120;202
224;235;145
222;117;242
129;203;208
196;158;242
194;186;145
185;113;208
222;226;99
225;128;164
146;247;182
138;200;164
218;192;177
165;223;136
205;143;246
180;179;241
224;238;157
82;195;250
159;147;221
209;232;197
120;216;230
183;166;160
225;250;208
230;202;119
250;186;199
206;127;223
51;252;238
251;123;220
242;220;170
222;230;167
190;230;92
226;225;147
186;200;121
189;103;224
172;186;192
176;217;239
232;240;104
225;70;223
166;230;196
170;160;179
185;236;132
20;246;246
245;141;245
138;248;179
67;250;235
57;248;227
153;191;249
254;107;182
223;118;175
210;196;207
215;154;186
199;203;221
221;147;237
241;245;133
203;225;197
254;215;239
143;248;164
94;221;231
193;207;136
111;189;223
99;197;233
246;223;178
137;249;229
179;167;191
224;178;182
249;223;140
122;211;200
253;142;201
210;159;185
217;223;234
251;209;95
183;228;248
251;89;172
164;235;141
200;225;247
36;235;238
236;212;216
203;253;60
84;232;247
248;85;228
109;211;249
227;200;145
221;253;115
219;217;208
194;223;188
201;238;164
225;146;226
234;180;202
218;209;197
220;130;187
254;60;195
234;192;250
230;112;161
157;232;229
214;229;167
237;238;177
194;180;132
178;244;161
232;247;244
213;149;219
69;195;239
101;250;246
218;213;124
171;233;214
168;230;111
110;200;237
146;158;224
134;190;209
248;249;218
193;205;189
51;224;231
231;151;241
253;191;237
204;141;249
152;249;244
231;77;251
166;226;224
157;201;212
152;173;212
247;230;154
150;153;200
237;198;68
179;209;190
163;245;119
143;202;186
228;171;159
242;191;91
192;239;113
183;204;239
193;158;221
150;158;201
161;166;213
226;96;232
153;190;227
97;222;197
230;248;46
191;193;147
211;252;189
165;235;241
183;237;195
212;210;224
241;212;234
172;186;172
223;210;230
207;205;238
203;122;230
194;98;225
189;177;160
62;229;212
245;230;217
67;252;217
209;198;211
192;121;230
200;187;246
198;99;236
239;230;171
86;221;206
230;137;172
240;253;205
232;102;240
151;183;200
229;181;221
182;212;214
158;202;147
235;70;236
182;156;244
147;181;194
218;212;151
232;233;250
246;251;35
220;190;251
126;198;231
218;244;43
70;247;222
139;227;254
211;225;111
140;171;197
227;178;230
216;181;202
226;154;215
131;224;199
172;206;251
233;97;199
216;210;107
125;173;231
198;174;173
232;221;182
207;226;70
242;166;225
246;201;162
182;190;240
128;243;144
238;170;220
195;196;120
203;242;79
212;135;174
173;246;150
55;233;240
199;173;220
252;187;241
64;234;238
208;192;214
220;184;106
175;187;223
202;204;108
231;220;80
244;100;235
164;167;207
229;132;154
219;183;110
178;223;125
190;200;237
153;251;152
166;195;203
158;203;195
243;141;153
226;233;176
252;78;176
234;209;254
185;246;191
66;249;248
191;248;216
249;63;221
38;243;245
216;124;185
190;224;173
193;178;203
145;190;248
247;200;235
227;30;250
125;155;232
157;208;179
191;213;181
225;221;163
146;254;223
113;217;220
162;223;237
176;224;186
123;249;185
136;130;236
179;230;232
87;177;238
175;170;210
215;178;129
215;161;237
209;58;253
102;215;254
152;212;148
197;182;236
208;141;183
76;230;252
168;232;131
163;241;99
235;185;107
161;233;138
227;113;192
241;173;199
40;212;249
224;155;137
214;136;248
152;204;211
247;124;252
192;184;226
239;240;207
110;184;236
229;179;132
253;160;175
100;235;253
173;159;243
247;159;130
241;93;187
229;226;79
160;202;195
127;226;173
186;157;250
229;240;217
206;66;240
139;198;168
193;177;170
122;147;243
214;137;153
241;70;197
202;187;187
190;211;105
204;161;149
176;198;244
101;235;254
196;149;162
234;110;170
192;144;233
198;223;123
188;178;139
194;201;224
250;242;145
224;209;228
229;167;232
190;233;236
201;204;184
140;180;216
100;235;212
157;236;167
231;97;233
215;226;99
239;226;105
155;232;198
91;208;222
147;238;151
177;216;211
171;202;178
195;159;245
192;110;236
180;186;169
196;210;144
201;141;220
159;203;243
179;178;249
160;229;233
223;152;238
243;224;65
128;214;198
233;133;190
61;252;201
182;130;226
182;154;173
224;73;237
68;245;230
240;159;206
235;114;235
135;190;221
202;156;213
51;247;206
205;109;218
212;182;166
197;175;162
250;100;251
143;161;198
85;216;243
245;171;158
126;204;232
182;247;201
189;175;243
224;144;236
219;150;140
163;162;212
230;226;245
183;163;242
236;153;237
249;64;209
185;224;219
221;244;115
191;175;195
172;200;154
239;140;163
247;230;31
252;173;99
119;182;246
243;136;252
189;169;254
214;142;157
192;240;122
231;244;175
141;236;160
102;178;234
206;224;123
80;187;249
191;178;214
130;249;244
244;248;10
156;250;160
168;124;225
208;194;225
239;137;190
189;250;110
190;191;123
106;171;252
157;191;178
166;208;142
220;171;209
240;237;133
197;134;243
159;251;93
209;209;235
245;185;176
162;182;246
169;224;146
191;226;96
193;167;153
109;150;242
227;243;68
243;116;156
248;170;97
182;222;181
228;85;230
147;234;123
251;159;181
222;201;92
236;101;228
156;220;193
225;76;238
227;224;131
222;202;204
69;204;245
235;38;239
47;244;210
81;215;243
249;151;172
236;160;163
154;232;124
156;150;195
229;213;78
248;160;143
205;177;209
240;172;150
250;199;232
220;228;146
229;192;169
193;134;209
220;253;143
173;252;101
154;246;241
154;206;245
158;248;154
248;189;172
245;228;186
145;149;218
191;253;223
249;216;55
230;233;187
237;244;198
242;209;201
140;209;251
166;175;165
156;211;164
248;239;243
200;115;230
210;160;149
231;227;208
118;207;185
118;246;209
186;242;90
131;132;245
177;230;114
149;181;174
249;223;68
122;187;228
204;184;227
182;133;186
156;191;181
206;208;200
245;223;82
229;172;187
147;246;195
207;150;242
210;84;219
175;237;113
124;209;186
239;227;93
243;205;162
230;179;159
228;196;111
179;186;241
179;216;221
120;231;188
192;188;237
191;208;155
226;198;135
247;225;147
66;241;244
104;241;197
234;230;108
224;167;235
254;98;207
208;241;200
203;152;190
211;210;170
226;104;238
181;179;214
127;233;207
215;216;236
253;25;253
137;219;239
226;201;167
114;202;216
193;85;247
200;244;83
163;230;123
253;57;235
238;226;221
239;204;188
155;254;161
254;175;190
221;73;239
111;170;253
253;209;131
153;206;219
73;245;225
198;221;173
210;244;53
237;112;194
222;205;208
211;246;74
219;102;219
173;185;161
130;205;222
229;126;211
147;221;154
145;235;159
159;161;222
208;197;97
196;102;221
115;200;249
198;230;125
223;181;239
202;173;183
196;249;72
253;249;214
230;164;186
215;206;194
130;213;220
147;175;204
121;251;191
192;252;125
164;172;220
234;89;212
136;203;168
215;212;248
119;207;200
218;193;93
251;172;143
223;146;173
247;125;166
250;206;167
231;68;252
184;145;183
223;211;164
206;214;206
122;211;208
175;191;201
249;182;93
221;140;149
142;164;217
222;130;253
147;177;243
181;226;145
251;224;114
224;216;90
51;232;245
206;208;99
227;208;132
237;127;202
249;231;173
219;145;179
203;248;145
105;180;223
228;119;246
153;248;254
185;199;198
60;249;208
238;181;123
148;207;248
141;167;206
250;140;223
207;202;157
241;245;32
252;234;25
195;204;203
240;231;246
214;188;183
219;215;213
200;141;221
131;237;218
217;177;120
212;247;180
242;243;165
175;181;253
71;238;254
94;193;232
219;205;195
249;207;232
253;222;172
225;235;176
222;49;246
179;188;224
194;216;119
231;185;118
250;252;232
136;206;179
242;183;184
245;192;76
251;47;243
173;152;208
242;120;234
131;229;230
211;120;245
224;194;131
175;142;185
253;216;128
189;171;209
236;94;213
222;216;65
231;241;52
199;200;109
235;108;174
185;192;159
225;244;227
195;116;204
234;93;234
250;253;165
249;182;208
206;124;221
141;199;216
158;214;181
155;227;212
224;137;203
233;205;81
132;199;245
137;195;254
183;132;242
242;56;216
228;245;66
186;185;173
254;104;195
254;244;43
247;195;105
120;192;251
143;220;194
134;196;248
167;111;248
164;211;223
158;239;236
191;174;167
88;228;211
119;237;197
110;226;203
238;164;198
126;252;203
199;192;146
227;134;142
223;151;177
80;243;211
231;211;60
196;183;251
190;76;246
249;173;85
137;181;218
148;245;143
184;214;124
193;196;210
107;229;237
162;218;219
200;177;168
175;154;208
246;209;231
230;214;198
108;213;232
250;110;160
175;240;171
39;41;19
6;69;19
9;20;39
28;25;23
42;6;25
11;15;50
65;1;5
47;15;13
27;17;19
15;58;21
21;1;15
8;47;37
23;9;35
10;4;42
52;1;39
14;65;6
39;23;37
61;3;10
7;29;42
32;24;11
17;23;26
11;16;3
9;32;1
9;7;12
11;54;13
7;8;9
3;38;20
4;81;11
8;62;17
1;25;21
8;12;26
25;8;46
17;36;38
14;21;39
1;25;44
18;23;1
30;11;4
11;57;6
1;81;3
27;3;5
17;13;29
24;66;2
36;39;2
5;26;15
59;6;19
44;24;21
23;11;6
19;32;40
26;14;14
18;10;59
1;62;33
22;66;6
60;7;31
59;0;19
20;35;15
25;8;6
9;25;43
16;36;22
12;18;4
39;23;9
15;59;22
22;45;26
49;4;16
0;54;1
19;61;6
12;39;48
71;11;9
40;9;7
20;18;33
40;0;56
11;5;10
17;39;38
7;9;17
26;36;24
81;9;8
2;38;31
61;2;32
17;22;31
36;16;43
78;17;3
62;14;3
29;55;3
39;21;0
16;20;37
3;17;25
31;14;32
15;7;46
36;4;13
58;0;4
9;64;15
20;24;34
1;5;71
5;13;20
4;45;20
40;17;13
68;4;2
32;3;2
28;32;22
41;21;31
10;11;47
80;1;18
12;39;13
58;15;7
11;62;10
7;15;59
35;30;22
4;4;11
16;60;6
48;0;4
25;29;44
0;10;7
26;2;6
37;43;4
69;5;7
16;19;11
38;45;14
34;58;5
2;26;46
13;37;41
41;48;10
66;0;26
2;35;8
48;35;8
2;41;26
5;35;29
22;45;3
2;43;24
12;7;68
46;15;7
6;54;37
42;42;0
3;62;26
7;16;39
48;12;15
17;61;21
58;20;17
26;23;6
26;15;42
65;2;28
16;40;21
22;51;25
44;11;34
33;15;36
12;21;63
60;7;6
68;7;19
75;6;12
27;35;1
5;41;4
42;4;0
26;21;25
25;30;4
18;11;39
31;15;41
47;3;1
5;84;10
7;24;48
49;18;12
14;14;70
19;49;30
18;4;58
2;36;12
46;8;20
68;20;5
13;45;41
36;2;13
14;18;6
1;81;15
6;17;53
6;26;37
53;17;9
9;20;12
15;5;7
2;1;31
46;34;0
1;42;33
0;72;17
2;6;62
15;30;50
38;24;6
6;0;61
20;40;26
17;17;21
11;43;33
28;0;68
13;23;20
35;25;24
33;11;9
21;46;24
16;22;29
22;28;9
21;33;10
12;18;42
9;40;1
11;45;41
20;48;17
11;72;1
35;31;7
13;29;18
23;40;31
20;47;24
1;21;60
18;22;52
33;33;28
27;1;18
44;6;20
15;29;38
1;32;37
28;25;22
35;17;37
69;13;12
29;11;41
20;40;11
40;3;24
9;67;6
30;21;6
5;24;28
1;15;26
7;38;54
13;40;28
4;26;21
4;42;46
0;45;28
16;11;46
38;32;14
60;11;25
7;11;29
61;9;23
26;21;46
6;3;78
2;76;7
17;27;35
35;36;26
6;24;64
20;18;48
4;46;33
52;8;12
8;1;3
11;36;31
21;41;5
8;12;33
21;48;7
3;32;6
5;32;34
15;19;45
43;30;11
14;47;35
8;21;70
3;0;4
23;6;18
26;5;42
11;0;35
33;9;46
72;5;19
11;49;19
52;25;18
24;6;46
35;56;5
6;16;68
50;11;30
10;4;75
1;56;37
16;13;33
19;10;51
1;50;10
7;18;32
44;28;18
32;32;17
27;18;13
0;26;24
15;62;14
35;52;11
33;32;16
34;27;24
33;48;4
5;10;7
40;20;13
23;25;36
43;31;15
51;42;2
20;19;31
1;15;15
42;23;16
11;43;24
30;6;35
27;10;45
6;3;63
13;13;21
15;46;37
11;4;49
14;56;7
52;4;40
2;0;92
16;4;66
15;40;31
33;28;15
12;19;13
45;20;2
8;19;33
5;13;35
0;75;22
65;8;1
9;11;10
77;4;13
1;78;6
52;35;2
19;2;5
78;14;2
20;2;36
46;26;19
48;17;0
16;61;4
22;16;45
59;2;33
24;30;43
32;28;21
10;1;80
3;26;50
9;43;40
51;10;22
18;6;5
37;41;20
13;15;35
0;4;32
26;2;38
71;5;15
29;5;32
40;33;9
23;38;7
25;5;64
58;1;38
9;13;36
29;29;9
19;8;28
17;57;20
25;16;20
15;15;43
60;9;10
10;59;16
3;22;71
68;5;5
11;5;69
30;15;45
19;12;16
22;9;29
34;28;11
13;39;27
1;61;0
35;54;9
8;7;26
21;15;62
11;21;51
14;38;22
13;28;35
3;35;49
42;2;42
32;8;36
36;21;11
1;39;22
8;23;15
34;0;54
42;28;17
6;9;40
1;84;6
60;17;8
30;48;18
20;72;3
25;24;34
26;8;40
21;47;17
22;22;12
10;38;12
0;15;81
14;28;28
31;41;25
37;55;3
18;26;26
23;9;47
3;29;15
22;44;7
5;51;29
22;33;32
37;5;17
27;19;4
18;30;25
63;2;4
11;5;34
12;33;34
37;19;38
30;19;11
12;0;81
30;11;50
16;55;20
10;21;36
45;12;2
2;34;62
49;22;13
8;64;23
9;9;43
24;19;50
38;12;2
0;33;8
17;24;8
5;50;15
17;25;31
37;1;18
1;60;32
34;49;12
0;95;2
14;34;15
33;8;50
18;16;34
29;2;38
22;8;40
17;11;62
32;53;1
3;0;1
28;39;32
57;8;6
31;7;29
50;10;20
19;48;6
15;10;41
51;2;10
64;4;15
23;17;11
31;44;20
23;29;23
1;5;78
3;67;4
24;27;47
41;13;20
17;11;31
68;21;0
3;34;36
4;45;46
27;19;26
2;20;43
38;3;19
4;14;58
9;9;5
8;3;28
6;16;12
34;20;19
23;35;27
15;33;39
5;28;56
21;19;5
19;27;11
16;44;25
36;20;30
15;17;14
3;90;3
13;28;54
32;46;2
13;13;70
32;42;1
36;7;36
5;19;7
12;41;0
53;10;15
11;0;4
7;5;31
46;18;16
46;17;23
0;96;1
10;3;23
46;35;8
46;42;10
15;7;70
23;4;58
10;79;7
0;23;60
27;40;22
11;43;12
42;3;40
45;5;35
22;23;7
9;38;38
50;36;13
3;22;74
28;38;20
43;34;21
14;20;62
22;28;2
31;8;17
52;10;28
60;17;17
19;11;11
3;36;6
45;0;10
12;57;3
7;44;27
29;6;56
20;2;17
82;1;13
29;25;0
1;59;5
19;26;8
6;87;2
37;19;33
42;19;36
36;13;40
46;43;5
12;33;52
7;3;50
1;40;2
27;2;67
1;24;13
20;17;37
2;20;65
9;4;42
34;27;38
14;17;34
34;30;9
22;25;20
57;7;6
33;19;26
9;1;52
62;2;11
22;26;17
24;39;31
36;25;21
0;51;48
33;2;3
21;0;22
51;2;1
60;1;26
7;16;33
24;2;18
2;10;38
24;23;11
29;29;34
37;28;8
3;6;79
22;8;68
57;18;16
22;65;12
1;24;57
11;17;57
7;61;5
25;13;22
87;2;1
9;44;35
24;46;9
13;41;1
52;5;9
19;2;57
26;18;44
40;24;33
38;11;12
5;22;52
35;22;30
51;1;43
15;26;16
28;14;44
63;7;5
17;20;18
24;53;20
29;33;2
9;3;50
21;31;40
11;16;63
72;25;2
22;32;34
16;10;38
34;0;42
34;1;42
28;24;19
27;4;11
1;34;30
22;1;69
30;1;68
28;25;37
37;0;33
62;4;1
18;61;3
33;26;6
38;13;10
12;24;58
11;31;38
0;5;39
28;4;17
24;4;2
53;34;8
46;0;28
7;77;1
12;5;63
12;6;52
1;69;17
15;51;1
6;32;19
70;10;19
20;0;51
20;1;51
18;8;58
23;47;22
6;22;35
12;19;57
47;19;9
7;13;24
22;54;14
5;14;77
26;29;14
14;4;4
34;24;31
63;11;14
30;44;14
58;25;11
35;45;0
46;37;10
1;23;6
19;60;15
16;76;0
17;65;0
28;20;22
24;8;21
12;46;34
4;31;31
5;10;9
4;31;37
30;32;35
35;46;13
40;33;26
5;2;4
8;28;51
41;35;1
56;8;10
27;16;6
28;35;25
69;2;5
5;27;10
14;2;69
1;55;10
12;15;11
15;19;61
26;3;36
0;36;16
37;27;12
11;54;14
37;21;36
12;4;62
11;7;37
4;2;60
78;1;7
10;2;14
49;11;16
21;8;4
15;33;51
3;4;30
16;33;3
70;12;8
11;0;40
2;24;43
22;11;26
1;51;46
9;28;39
18;8;64
78;0;17
47;5;30
11;28;12
1;28;2
42;3;4
16;65;15
5;22;36
9;23;37
57;0;5
21;51;7
32;23;1
9;25;63
61;9;12
9;63;13
1;14;28
48;46;5
5;20;58
20;21;3
11;81;0
29;2;48
9;76;4
66;2;16
6;21;49
15;48;21
7;26;51
48;7;29
4;29;58
18;5;46
41;8;10
9;52;8
18;11;21
19;18;15
26;10;60
33;30;7
4;17;33
6;79;7
13;32;1
54;16;5
34;17;22
0;15;15
65;1;28
31;4;29
31;18;1
18;18;29
73;23;3
50;10;4
16;12;45
24;41;20
19;50;20
9;62;21
6;17;3
2;41;53
13;2;24
31;15;30
59;0;22
8;42;15
0;47;22
20;37;32
10;66;7
27;25;32
25;36;22
18;55;20
67;0;25
37;2;35
14;73;0
32;0;38
50;16;14
14;13;43
9;26;16
10;41;17
61;25;9
8;49;9
55;2;15
49;23;12
21;68;8
3;24;2
16;47;15
3;34;27
31;0;25
2;58;8
33;14;40
3;29;33
22;53;10
32;50;14
7;10;22
19;23;28
81;2;4
18;36;8
7;31;41
7;8;55
32;0;7
55;0;29
36;21;19
8;27;14
2;67;17
89;10;0
0;32;8
68;0;19
37;20;22
23;8;44
17;22;37
20;47;9
3;4;53
48;21;8
52;8;25
13;42;13
22;24;3
30;23;20
39;12;41
31;58;9
42;27;19
59;3;18
22;33;21
21;24;45
22;61;4
16;38;8
37;35;7
47;31;17
3;3;71
23;34;37
2;30;22
36;29;20
28;8;26
25;12;26
42;26;17
22;21;27
11;38;28
41;31;11
4;6;53
40;10;33
52;28;18
34;19;2
1;52;34
1;66;26
20;36;33
30;0;37
29;28;37
82;14;3
0;55;38
4;8;43
19;17;25
25;28;39
30;0;51
3;24;32
33;12;12
13;66;20
24;18;22
10;43;8
1;44;49
1;27;9
40;2;39
9;30;4
19;11;56
7;58;27
48;8;12
72;2;7
11;0;13
63;1;35
59;26;14
33;18;39
58;18;23
9;49;13
38;12;40
78;7;6
28;45;10
51;15;2
27;21;31
6;7;3
28;0;37
12;37;12
31;28;9
3;27;50
36;37;0
6;68;21
8;46;21
62;23;14
18;9;9
56;7;10
5;4;27
12;9;72
15;63;17
54;14;28
31;10;43
11;34;26
5;31;23
10;56;4
17;37;0
27;17;12
77;4;7
50;8;33
34;17;10
44;18;36
12;24;55
71;13;4
11;14;50
12;0;42
12;15;51
4;47;17
8;34;26
9;51;16
5;26;29
10;0;17
19;17;47
24;24;23
39;7;51
9;11;56
21;0;78
34;38;8
7;37;42
29;7;57
72;16;4
34;6;31
2;68;28
5;9;52
50;4;42
9;21;41
3;5;44
19;13;61
12;39;32
9;13;2
7;75;12
23;24;39
60;2;32
24;13;32
13;13;55
33;24;27
38;21;14
14;6;26
35;50;13
41;16;27
58;13;1
48;5;8
45;11;3
46;41;5
38;12;43
49;27;4
66;0;0
31;62;4
33;31;8
33;57;5
1;5;88
3;13;73
36;5;29
77;14;8
0;57;16
18;16;33
3;19;72
6;9;75
11;10;3
62;0;37
17;13;47
16;23;8
11;21;29
16;1;8
17;37;43
18;1;67
17;38;0
20;13;66
4;42;10
17;14;57
23;1;61
4;10;49
15;10;8
1;14;1
39;21;5
23;7;50
1;85;8
4;68;15
10;9;9
17;18;62
7;4;67
6;9;52
73;8;11
7;56;3
9;3;56
16;8;52
5;42;39
2;34;61
7;50;8
28;67;4
61;38;0
9;44;7
24;10;57
8;5;65
44;10;9
52;19;17
10;57;14
22;31;45
10;35;23
21;25;22
20;35;12
0;26;13
42;26;19
10;9;22
16;33;31
6;2;53
5;43;1
38;41;20
28;7;17
65;4;15
40;4;36
32;17;7
15;22;20
14;0;20
63;1;34
22;36;35
17;10;40
15;36;39
34;32;27
20;70;3
21;48;2
45;44;10
17;3;57
18;68;5
15;1;60
17;0;68
61;13;16
13;18;46
10;7;23
13;2;11
13;36;2
19;12;53
1;81;6
40;13;7
23;27;28
0;79;7
1;16;77
5;2;29
35;24;28
18;24;53
4;0;12
20;68;4
41;13;16
9;11;3
45;15;33
4;49;29
5;17;32
22;1;12
28;11;15
1;18;4
39;1;20
2;37;33
16;15;26
3;33;56
74;6;3
44;36;4
5;30;61
30;24;7
43;3;18
12;2;80
59;7;26
15;27;39
64;12;0
34;16;34
16;12;26
36;8;55
2;40;16
1;46;20
42;4;52
23;6;66
42;29;9
17;8;71
48;9;42
10;14;75
5;10;21
12;43;12
40;3;18
15;47;19
10;40;44
43;30;18
19;1;28
34;28;27
1;9;12
15;29;23
8;31;35
26;42;16
15;65;3
15;38;21
28;10;2
68;18;8
5;41;46
7;26;14
35;30;6
50;24;14
23;29;28
23;41;5
3;19;68
68;15;12
4;8;41
12;70;15
58;11;26
15;13;2
13;22;61
20;19;13
26;1;62
16;64;10
36;5;2
16;8;12
23;27;46
26;0;54
8;7;78
12;46;36
21;28;12
54;4;28
26;10;36
66;18;1
40;23;1
27;4;27
15;40;19
4;36;22
4;37;10
7;38;6
30;5;9
18;52;4
2;7;40
2;1;83
7;82;2
14;3;26
49;42;0
90;4;0
8;25;8
13;43;39
35;12;22
59;13;24
37;24;36
29;47;7
42;11;35
27;21;43
47;40;5
12;32;0
13;24;17
26;15;46
5;23;14
16;30;28
56;2;2
46;24;10
16;6;26
61;1;24
22;20;11
12;28;42
27;19;47
24;11;55
31;10;0
4;61;2
2;4;51
22;4;34
13;10;42
22;45;18
20;39;8
17;14;60
21;22;27
20;26;41
27;2;25
32;20;3
53;15;13
62;18;3
1;33;28
5;37;14
0;35;55
16;41;38
5;28;39
48;4;25
25;29;41
40;13;25
15;31;45
25;11;1
39;16;20
6;45;39
16;20;0
21;26;27
9;18;71
2;33;60
8;67;1
28;15;21
46;18;13
5;67;15
18;34;44
31;13;37
42;8;30
48;8;0
25;3;19
10;62;4
18;14;52
90;3;0
26;13;28
3;5;33
25;5;69
9;10;1
23;54;21
23;21;0
45;9;6
54;3;18
8;74;7
43;8;41
28;14;14
1;28;35
19;5;31
11;6;8
36;11;6
35;42;7
2;24;0
16;24;6
13;36;29
76;1;20
38;1;53
59;14;15
0;38;44
31;10;27
19;54;7
42;9;6
25;54;9
21;2;0
27;51;20
34;41;1
32;59;8
22;14;57
10;34;6
43;30;15
10;10;17
48;22;5
12;24;36
2;32;8
2;34;35
2;36;58
13;21;40
13;16;25
34;23;29
13;21;26
40;7;34
23;5;7
0;20;74
46;11;38
54;1;7
24;26;10
21;10;38
59;0;39
18;9;27
3;88;8
9;28;27
14;0;46
40;27;25
36;22;26
39;9;5
70;0;14
6;56;2
45;11;9
23;49;16
42;18;35
45;25;22
31;31;14
16;11;15
56;5;13
21;28;15
0;25;45
15;37;43
0;26;23
33;24;6
41;10;24
19;39;24
30;10;6
34;16;32
39;56;2
41;9;23
2;48;7
31;24;38
19;7;64
28;32;26
45;5;40
33;9;45
65;12;18
33;28;9
11;9;10
9;1;23
33;10;5
40;3;7
36;33;4
9;4;33
19;47;21
41;5;7
30;37;18
13;3;27
12;20;65
18;6;8
36;9;12
18;23;48
26;21;42
0;1;39
30;54;9
38;3;38
36;28;3
11;66;20
0;0;36
39;22;13
16;23;55
25;0;0
18;48;28
34;7;39
50;41;4
27;26;0
44;29;15
32;22;23
11;2;75
12;26;36
24;6;22
69;0;16
38;18;35
2;41;37
16;45;6
32;45;8
27;20;27
47;6;45
34;45;15
40;6;45
6;27;21
6;40;43
36;5;22
8;45;9
17;66;16
5;25;52
30;5;34
15;6;39
25;33;15
1;27;43
8;28;27
9;63;14
58;8;5
9;18;59
20;33;31
10;0;30
0;14;9
28;31;36
15;51;16
31;38;30
16;10;25
27;52;8
23;11;14
7;33;39
19;47;7
2;12;22
31;3;13
45;48;1
3;52;18
8;38;23
25;52;3
21;75;1
19;9;65
26;7;62
53;17;5
25;45;16
5;33;28
3;1;90
60;4;27
4;13;81
7;49;31
11;16;15
2;9;40
72;17;4
4;61;9
20;3;71
8;10;48
7;61;4
53;10;34
10;17;32
37;13;3
69;14;15
3;61;5
6;1;82
16;27;56
11;25;33
79;8;4
22;25;45
7;58;18
23;36;32
56;3;39
0;23;50
49;4;37
19;32;34
51;2;25
34;53;5
26;9;60
79;14;1
38;27;16
3;28;42
9;43;19
14;12;6
34;15;4
30;0;21
58;12;27
11;61;25
18;52;3
4;47;9
0;53;15
10;27;32
11;67;3
8;44;8
22;26;34
35;63;1
17;17;12
23;28;23
71;2;25
3;55;37
47;10;18
20;16;46
19;19;3
12;28;10
8;6;59
19;7;1
40;21;20
18;3;65
13;15;49
11;52;7
68;30;1
12;62;17
25;14;37
6;89;0
38;3;18
7;10;77
8;75;15
45;2;43
9;84;6
7;5;42
41;7;42
10;69;8
18;38;28
59;8;23
2;35;61
15;5;47
9;23;2
42;26;2
55;7;34
31;0;50
7;1;60
6;61;24
25;49;16
23;49;24
57;0;17
57;4;9
38;5;43
2;33;32
23;43;16
14;51;15
42;20;17
44;14;30
22;46;3
15;22;22
22;25;52
11;7;64
48;4;8
12;15;52
18;66;4
20;53;12
20;14;61
48;7;31
49;29;7
7;46;18
18;61;1
30;1;12
3;0;44
2;63;5
50;8;12
15;50;22
60;30;5
59;14;21
11;4;53
1;16;36
17;64;17
22;9;25
33;0;47
48;6;22
21;23;48
6;8;37
12;64;4
8;46;37
24;1;36
68;2;15
20;0;78
4;0;85
16;49;10
4;3;53
24;8;58
32;25;4
24;8;27
92;0;1
17;36;23
4;1;0
5;39;17
30;57;2
4;36;31
2;97;0
69;5;4
58;14;4
34;20;5
0;52;20
3;16;20
14;35;13
27;4;2
3;36;36
35;13;28
26;14;2
22;24;2
15;10;64
9;42;23
2;13;44
76;16;1
12;1;74
27;32;14
83;3;3
26;43;24
11;42;17
46;29;18
2;48;41
21;16;50
10;13;4
21;35;6
15;39;12
30;18;4
35;4;23
34;15;40
11;63;16
13;43;7
30;15;31
15;9;75
11;3;54
25;2;62
31;23;34
30;34;3
2;93;3
7;8;82
32;11;0
58;6;24
12;23;54
40;3;22
12;15;71
61;0;2
62;4;2
10;3;17
11;82;3
6;47;7
49;9;21
51;32;3
27;21;21
40;11;0
7;0;83
68;11;15
15;39;31
2;32;63
9;20;49
14;8;24
18;52;5
24;3;63
61;5;15
9;17;40
35;21;1
8;12;34
58;5;1
28;9;11
0;1;35
6;3;5
33;13;3
28;50;18
31;9;43
28;5;27
5;43;41
0;32;24
34;45;12
10;8;17
7;73;4
26;4;19
20;8;71
70;23;0
8;11;43
32;15;15
29;4;52
31;46;9
73;16;8
43;11;16
78;8;13
26;37;13
7;17;8
19;12;67
35;35;1
40;26;6
0;49;5
28;49;20
12;50;19
42;54;1
31;19;18
3;9;75
19;5;2
8;23;37
15;1;65
28;10;46
71;1;16
22;6;33
40;25;31
21;43;2
21;44;9
42;1;6
7;47;40
27;8;62
20;25;42
81;4;6
69;3;10
66;0;25
15;73;6
6;21;33
8;6;30
39;17;0
17;3;75
33;3;59
10;44;5
25;18;10
67;9;19
36;1;43
6;34;49
6;27;65
62;14;8
12;21;35
15;59;2
11;22;44
51;18;14
16;12;71
37;23;2
6;61;21
6;63;7
23;7;27
21;62;11
70;6;12
0;1;73
15;17;41
9;70;15
49;4;44
45;14;28
4;4;78
47;13;36
2;18;44
18;47;28
50;13;13
10;7;49
33;49;5
15;60;5
28;4;13
55;35;0
34;55;3
3;10;54
6;12;47
32;27;25
41;47;7
18;28;46
12;3;55
2;41;10
2;15;82
0;33;33
11;72;6
24;15;45
5;55;0
17;56;25
2;0;6
10;16;52
45;40;2
20;25;4
13;20;33
6;49;34
58;11;28
58;12;13
24;10;53
1;35;58
4;47;12
21;26;11
21;38;36
4;1;40
25;34;27
18;23;43
15;7;24
36;39;1
0;32;19
10;17;23
9;14;62
24;63;8
19;10;56
15;22;55
76;8;0
4;85;9
10;57;17
32;57;0
24;19;19
46;18;5
44;32;11
11;9;51
17;54;23
11;58;12
23;2;47
38;9;2
4;44;12
29;45;7
11;16;22
22;18;31
27;15;25
0;83;4
55;31;9
34;59;3
17;59;15
0;4;13
50;18;2
9;32;57
31;2;16
68;4;25
16;34;32
21;45;9
8;47;25
8;2;23
16;30;38
3;15;69
1;58;12
13;2;22
39;32;22
5;20;4
21;9;0
15;23;47
19;2;78
44;43;12
46;21;15
57;38;0
12;63;9
42;21;14
45;13;33
60;22;6
10;1;21
38;29;17
6;37;13
9;9;4
67;17;7
9;11;55
2;13;12
29;24;9
29;5;54
10;32;44
19;54;22
8;17;47
43;9;21
70;3;20
26;24;9
10;10;54
63;8;17
2;29;65
17;0;42
2;50;43
44;8;42
30;19;34
25;16;27
24;25;25
18;32;26
1;41;35
37;10;31
15;15;66
41;21;33
47;8;27
7;43;28
2;4;50
21;74;2
22;36;34
39;12;44
29;13;28
13;5;20
15;14;7
12;20;32
23;12;55
14;37;43
27;33;9
43;36;15
31;16;23
35;28;13
5;44;3
9;72;14
36;50;12
21;35;21
39;36;8
29;4;6
4;48;18
5;67;5
12;69;12
22;16;30
33;33;4
47;23;7
26;34;25
31;22;28
28;8;43
36;31;23
6;12;14
27;51;19
2;0;16
7;54;10
70;6;5
0;31;53
24;0;4
59;24;16
28;24;1
11;13;2
55;13;2
9;36;42
34;54;3
13;31;7
42;7;8
44;20;13
0;20;45
77;15;3
16;15;45
35;37;20
24;38;9
27;45;10
11;4;26
0;41;0
3;33;37
27;14;17
34;11;45
32;56;7
25;63;6
6;15;35
44;0;19
12;1;52
13;38;17
30;20;7
29;1;9
38;19;29
20;21;41
29;53;14
62;1;24
33;44;0
15;17;9
3;49;3
57;21;12
22;59;8
41;2;27
9;64;5
15;38;17
29;20;18
23;8;28
24;5;15
15;6;35
33;4;34
42;12;30
30;57;1
8;34;28
9;37;44
12;1;39
13;60;26
5;57;22
59;15;20
33;20;30
20;9;25
46;4;49
8;73;5
18;33;28
36;23;35
27;17;39
51;39;6
4;15;51
61;22;7
17;79;1
5;50;31
13;5;51
30;53;8
35;11;21
20;37;35
17;3;25
25;18;7
18;42;2
2;57;5
40;25;9
13;25;26
27;11;22
34;40;6
23;56;18
23;6;5
11;36;10
45;13;32
13;53;17
0;15;44
35;0;29
3;64;3
47;31;20
68;2;0
27;29;7
25;17;46
3;36;13
16;49;2
12;61;17
12;12;14
42;37;10
21;15;27
7;12;8
9;53;8
5;75;9
64;7;27
13;48;23
4;24;51
1;7;64
12;8;56
13;12;32
5;51;15
24;32;25
7;30;30
9;62;25
23;7;22
37;20;26
35;22;16
70;9;11
66;4;26
13;59;3
18;52;17
93;2;0
0;63;14
21;45;14
15;8;2
29;28;16
46;27;4
0;24;50
1;43;14
25;1;38
32;32;23
26;43;1
20;31;44
27;40;19
32;29;0
11;30;16
22;11;11
4;30;52
18;13;51
7;0;21
1;39;1
7;10;59
13;14;59
52;25;20
4;7;2
49;42;4
23;30;24
0;17;63
68;2;6
29;0;18
10;9;73
20;68;8
27;60;3
79;13;0
74;9;14
83;3;5
34;30;1
30;20;6
24;3;6
23;8;12
33;45;9
43;18;35
6;13;15
11;35;50
38;31;22
4;8;83
79;1;8
21;50;19
7;61;20
6;22;45
35;37;12
10;16;29
23;55;14
11;51;16
12;37;9
62;9;15
38;9;47
0;3;16
2;27;38
49;7;41
14;53;0
35;1;20
7;13;14
78;1;19
32;13;40
1;62;21
3;37;8
15;10;52
26;10;45
16;47;31
41;19;17
2;43;40
35;3;37
63;3;11
24;22;50
4;71;7
33;4;44
30;29;37
22;0;77
19;26;5
31;50;12
13;12;34
55;25;3
25;40;24
17;24;6
75;4;16
65;25;2
4;22;69
68;20;1
1;8;45
9;67;1
49;28;5
33;54;2
5;93;1
31;36;6
20;26;12
46;37;16
43;5;31
13;13;1
36;45;1
24;31;34
18;11;24
22;63;8
69;0;0
3;42;28
37;42;14
29;36;31
58;1;16
26;21;33
17;29;0
19;17;34
53;1;36
60;23;7
45;18;8
2;32;36
2;83;0
29;34;3
31;15;52
21;7;30
34;9;27
52;16;16
17;25;29
10;4;12
20;24;23
29;11;29
66;14;4
17;30;1
48;4;0
43;38;9
9;18;21
8;45;20
22;47;0
26;50;12
3;31;46
51;10;14
11;42;38
53;40;6
25;34;29
18;5;39
47;39;0
19;33;11
33;25;41
28;9;7
16;32;27
20;0;21
22;49;5
20;71;0
9;45;38
27;19;12
28;5;4
17;12;42
4;22;57
56;11;31
12;29;32
16;71;0
16;6;48
7;6;21
10;23;48
4;21;4
29;61;9
8;20;14
33;63;3
19;10;69
85;8;0
16;40;43
7;57;30
26;11;8
37;16;10
28;7;47
22;30;29
5;10;48
12;35;27
27;43;27
3;48;18
34;13;50
3;30;19
39;30;18
70;5;19
52;9;9
35;38;19
15;34;20
53;8;17
30;5;41
12;62;12
30;13;55
44;38;6
32;12;42
7;10;14
11;29;52
32;4;31
2;11;8
34;24;33
14;24;17
48;14;13
7;34;45
1;90;8
34;26;9
39;21;33
43;8;45
28;4;1
76;1;19
14;23;56
16;47;20
39;15;37
1;23;51
7;53;15
14;30;35
69;21;5
0;1;34
34;27;37
30;20;32
6;18;0
47;18;32
28;23;1
14;52;25
35;14;4
0;57;42
7;9;51
11;26;35
13;43;27
33;32;30
6;1;65
43;6;11
26;19;25
0;2;45
17;2;63
28;52;19
21;49;1
4;49;1
50;41;1
27;54;6
23;29;46
76;17;6
28;55;5
2;42;45
15;10;6
1;53;41
36;4;37
12;11;26
34;25;35
1;75;19
39;4;3
19;4;64
2;9;24
20;35;25
38;12;20
71;6;4
1;17;7
80;14;4
21;56;21
47;3;45
6;52;8
26;18;42
24;23;24
3;75;11
6;45;46
45;37;15
39;12;32
16;0;18
5;3;14
43;20;14
13;33;44
41;22;23
8;34;14
41;42;6
0;14;1
0;96;0
30;32;0
28;27;36
15;18;4
26;19;37
45;22;6
5;20;32
35;14;49
32;16;21
29;18;9
33;4;39
17;15;41
8;27;22
31;22;29
14;32;25
36;41;21
0;3;36
0;64;32
4;82;9
16;1;35
56;28;1
43;19;25
4;19;4
20;13;27
38;5;12
4;32;40
49;20;5
23;10;34
26;12;8
13;61;15
39;42;15
18;22;16
17;31;24
54;24;21
0;68;10
49;18;25
8;74;16
9;51;23
19;32;7
10;10;27
9;65;5
76;6;4
30;17;7
60;9;22
6;15;22
16;46;5
31;6;34
4;26;40
28;42;2
39;6;23
67;15;7
8;14;59
20;19;26
1;24;26
26;7;9
26;8;8
58;19;19
24;40;32
4;73;22
74;5;9
32;7;19
59;5;32
27;19;2
22;10;13
16;2;1
31;34;32
13;48;36
29;52;16
1;44;23
14;25;60
1;74;23
7;20;24
51;22;2
29;33;1
11;3;2
70;15;5
30;55;13
97;2;0
51;6;1
9;23;25
2;60;22
12;13;33
1;22;29
13;26;14
30;4;47
19;19;52
2;3;2
15;41;19
22;43;32
13;15;66
21;43;16
46;24;21
4;7;49
28;35;6
30;36;33
31;21;4
7;70;16
29;22;35
8;60;13
76;10;7
14;29;51
54;12;14
21;36;8
12;52;19
16;44;2
56;24;10
18;39;23
28;3;0
21;5;73
7;56;4
15;78;3
49;18;1
41;15;25
26;20;1
13;70;4
37;45;12
2;43;34
19;51;28
72;6;16
0;27;38
38;7;20
56;9;34
46;10;14
1;67;30
12;2;39
12;31;41
32;20;21
10;7;24
44;21;0
12;5;20
14;69;8
27;12;47
79;4;13
7;40;39
4;11;36
30;39;16
23;3;48
41;7;22
23;8;7
23;7;34
62;1;22
33;10;38
10;8;58
12;1;65
0;10;45
41;20;23
12;7;22
19;1;65
31;0;47
24;25;14
23;23;30
75;5;5
46;20;2
4;44;31
13;21;21
26;30;2
6;13;80
24;37;10
31;34;30
13;2;42
14;35;29
3;41;28
39;6;32
40;8;42
11;50;18
8;12;2
24;21;35
21;4;44
23;2;19
71;6;18
75;7;1
5;76;11
19;30;42
0;4;72
24;8;3
47;9;20
14;48;9
36;27;22
60;0;17
57;3;7
0;32;11
62;4;33
23;71;5
31;1;53
51;39;5
41;16;23
7;12;77
52;3;34
29;7;59
28;60;10
33;38;26
19;21;49
12;41;6
23;44;20
17;9;0
2;39;50
20;3;47
39;7;20
5;45;13
49;27;8
6;58;32
46;27;2
64;17;12
73;18;7
15;60;22
4;46;49
14;35;5
5;39;14
17;48;31
79;4;7
21;24;27
21;43;3
9;25;10
2;24;32
75;7;6
10;33;43
43;43;10
19;25;6
11;15;62
48;1;49
11;44;22
21;49;25
3;0;48
2;51;25
15;1;24
26;7;14
87;4;1
27;23;7
23;62;10
64;1;32
44;7;46
6;38;26
22;40;2
53;18;15
13;55;22
57;4;29
21;31;15
52;2;35
30;1;42
14;29;48
21;10;48
3;8;43
42;29;21
40;6;1
52;12;3
39;23;4
9;22;26
22;12;42
3;63;15
0;30;17
2;14;12
20;57;20
4;7;19
1;38;13
26;25;2
35;24;19
33;44;7
94;0;3
21;24;14
0;45;29
35;29;19
6;19;30
24;23;2
2;17;59
12;22;13
19;14;35
72;8;6
5;22;48
61;16;16
34;56;1
37;21;31
32;20;37
19;0;50
9;61;2
14;38;42
38;11;0
14;33;7
6;2;12
0;82;14
4;92;0
26;12;53
2;22;30
29;31;6
17;48;19
43;1;54
40;7;19
30;56;0
34;31;29
26;25;10
56;4;3
15;21;58
5;19;2
20;37;16
14;20;49
27;26;42
21;63;11
12;44;22
51;45;3
3;11;52
32;2;14
34;5;10
74;9;8
6;20;61
25;34;25
2;3;91
1;19;32
14;60;7
21;68;9
0;4;6
35;2;8
26;25;36
42;23;19
12;30;54
37;0;14
22;51;6
11;49;27
14;18;21
22;21;56
23;19;42
43;4;51
3;18;50
41;24;10
12;8;14
34;41;0
0;67;21
29;26;42
9;5;5
13;10;35
48;25;14
66;9;9
30;3;48
54;16;29
18;53;4
2;86;2
32;15;31
7;18;1
18;23;36
23;41;3
22;49;10
5;0;59
5;54;32
36;28;1
57;30;7
18;15;66
1;9;22
14;23;6
4;10;39
16;56;12
47;49;3
17;40;6
37;7;48
37;8;35
17;51;0
8;51;27
26;64;2
37;30;8
3;58;19
74;9;15
3;15;59
69;9;9
4;26;19
39;0;49
37;33;25
74;9;2
2;20;21
10;70;12
14;44;35
37;28;29
18;19;28
31;12;21
14;59;12
23;58;5
60;14;4
45;38;0
9;11;64
22;21;44
55;29;14
11;26;34
0;45;47
35;14;19
11;37;20
88;6;5
15;27;30
20;15;14
36;33;15
13;17;5
11;8;6
9;32;56
3;58;1
1;57;37
42;19;26
66;30;3
23;36;10
30;19;14
8;32;0
30;3;16
33;10;12
39;32;1
1;5;65
16;14;8
4;10;0
14;27;23
36;30;14
23;14;18
7;41;7
24;31;41
74;4;11
51;7;11
12;62;8
6;12;25
20;22;51
0;39;0
53;32;6
34;11;54
15;29;10
40;18;21
44;21;5
45;6;9
7;47;22
46;40;7
23;33;36
4;24;67
27;39;4
40;23;26
85;5;1
16;60;21
34;23;30
18;10;40
44;12;10
9;65;19
21;41;29
61;26;8
34;7;23
54;11;2
39;6;54
31;1;51
10;10;26
22;41;6
0;6;64
13;55;10
22;9;15
5;47;39
33;9;38
3;13;5
14;9;54
46;31;17
21;3;28
3;10;24
55;32;3
84;9;0
1;11;49
41;8;20
19;12;30
15;46;24
35;42;13
10;38;31
4;1;75
44;41;3
1;51;0
12;31;21
1;17;1
8;9;24
52;14;27
29;49;18
34;5;58
3;58;26
6;13;48
19;48;11
0;42;39
14;17;25
55;14;16
23;22;44
27;23;47
9;66;14
38;22;39
29;26;23
6;0;90
12;47;20
10;39;22
17;7;3
15;14;70
45;18;18
49;9;27
2;29;4
11;42;12
25;28;29
19;6;17
62;11;7
8;6;32
42;10;39
18;42;19
36;4;1
39;29;10
41;27;0
16;33;19
23;39;18
4;47;8
41;38;16
30;25;34
28;21;50
26;5;44
10;50;13
42;5;13
2;6;60
25;35;27
81;12;2
59;33;2
8;15;13
79;1;10
13;25;7
32;22;39
18;17;48
5;83;9
35;5;0
7;26;47
13;18;48
1;88;6
7;1;31
3;15;7
7;31;61
16;22;59
61;16;8
49;40;6
18;40;27
20;39;21
15;4;53
50;8;13
3;15;77
4;65;20
3;11;64
63;28;6
7;64;0
2;28;18
31;32;14
32;40;11
42;43;11
2;9;82
9;28;47
46;4;29
3;9;29
19;2;32
27;4;7
3;6;70
1;52;28
7;0;30
36;22;8
60;12;6
53;35;2
11;33;21
17;30;28
11;8;58
22;11;45
46;40;2
8;79;4
10;26;23
6;16;70
36;11;4
10;2;78
23;55;16
43;2;1
12;30;12
2;10;77
52;36;4
7;57;25
33;0;2
28;59;1
4;22;42
4;35;43
2;5;4
66;19;4
16;4;2
3;42;24
2;58;9
23;33;6
44;22;19
3;63;17
12;1;72
0;11;86
21;35;30
51;17;17
16;62;18
26;39;2
29;53;1
2;34;3
32;38;6
38;4;23
11;83;2
1;64;33
35;22;38
29;66;1
42;14;15
18;36;4
36;44;15
29;17;10
8;31;51
14;8;22
27;8;43
47;17;7
62;26;1
0;42;10
1;50;41
30;0;57
22;25;51
1;50;17
0;50;9
43;18;33
29;0;49
58;8;4
0;50;0
14;64;11
5;54;30
20;28;25
10;50;38
52;5;39
12;4;37
25;53;15
17;64;6
50;15;11
25;48;7
17;32;11
46;4;14
17;30;15
70;17;6
69;5;8
6;28;2
41;9;16
6;52;13
10;14;10
33;49;12
33;10;15
18;25;16
5;16;42
21;23;45
62;2;18
29;45;2
49;29;4
17;61;4
15;2;82
8;28;20
60;11;11
20;71;4
14;76;1
32;39;18
15;17;5
29;21;29
2;44;16
24;9;5
31;28;28
61;11;26
33;18;28
26;40;25
5;9;58
30;35;25
38;18;28
44;4;0
75;0;11
64;7;2
29;28;4
39;13;10
66;11;10
41;12;19
5;57;0
35;2;33
5;12;64
47;22;12
18;9;3
21;2;62
24;11;53
53;27;19
1;56;24
72;13;11
30;46;11
10;24;55
25;50;10
20;8;30
6;61;6
43;25;18
34;22;37
4;30;28
18;44;8
21;29;43
65;18;2
39;16;6
53;37;4
47;27;10
40;9;17
23;0;43
48;6;23
35;35;23
12;81;6
35;17;28
10;10;9
32;17;15
4;8;84
29;10;38
40;36;18
45;32;19
55;27;8
34;26;38
1;34;10
25;5;8
42;25;8
13;20;52
63;4;23
41;24;11
12;8;5
33;47;17
4;15;55
4;49;15
4;40;42
1;18;17
25;18;5
3;40;22
9;20;61
53;12;11
8;18;65
12;22;58
19;20;45
83;3;13
9;55;13
40;13;39
5;15;47
65;17;16
67;13;17
0;71;15
14;82;1
0;12;52
4;18;53
4;41;22
27;36;1
27;20;36
77;8;13
4;12;25
7;23;1
8;72;6
32;13;20
65;15;7
33;18;13
1;7;7
5;13;7
5;39;8
5;25;13
76;8;8
13;36;45
48;43;1
51;17;30
8;20;36
14;3;75
44;18;32
17;43;6
28;12;44
78;6;6
6;49;40
15;3;54
24;4;25
8;41;46
33;29;0
2;7;29
16;3;60
18;9;12
46;4;18
26;0;15
11;44;32
9;12;39
0;9;45
6;30;45
20;14;52
35;0;21
8;4;24
46;10;36
24;28;43
5;23;17
45;27;15
56;26;0
0;56;31
36;25;27
16;6;59
43;16;38
59;8;9
15;48;0
39;21;25
3;3;68
30;21;25
21;35;3
35;7;20
30;3;25
15;33;11
4;20;67
8;49;5
21;8;15
4;24;60
50;1;15
15;6;58
42;42;13
24;3;14
75;18;6
21;37;32
25;18;6
66;6;4
32;7;53
78;16;2
6;1;46
6;43;32
69;1;20
0;84;8
22;50;12
29;52;1
1;59;28
10;11;71
40;15;6
79;5;4
8;13;30
1;72;0
6;33;53
27;68;3
4;44;16
13;37;19
30;11;12
16;77;5
10;52;0
7;39;26
19;27;53
36;0;4
31;54;1
28;35;12
25;22;39
21;21;23
10;13;53
26;25;13
22;11;47
21;34;6
82;5;0
63;4;19
21;48;4
28;31;28
48;7;37
18;30;49
25;33;27
11;47;34
12;27;5
13;47;7
32;53;4
19;30;39
16;14;45
59;13;4
32;57;7
33;24;12
52;7;40
13;12;31
45;25;25
22;40;0
34;60;5
9;35;50
6;0;80
5;30;57
30;5;32
8;23;5
64;10;11
38;54;5
62;18;8
59;5;12
33;3;5
71;17;0
43;35;21
6;76;3
4;32;15
27;50;21
63;21;2
13;41;9
24;11;52
57;3;10
45;4;4
11;36;35
1;5;87
40;2;52
4;7;16
32;41;10
8;15;30
12;76;3
24;62;8
24;54;5
67;4;5
18;25;34
7;16;6
30;15;16
8;26;48
2;28;24
6;20;57
1;47;44
24;8;55
62;4;22
56;7;26
15;50;18
7;4;17
34;30;0
9;24;45
22;0;55
0;32;16
46;26;22
40;23;20
22;5;6
48;24;18
3;51;10
1;14;68
37;29;1
7;14;78
28;9;6
7;36;47
19;25;7
31;38;28
6;20;70
52;12;6
11;14;51
43;22;5
31;22;19
2;24;59
58;13;28
1;44;10
2;14;37
10;2;68
25;62;5
22;33;26
27;15;37
12;25;62
21;0;14
15;82;1
14;4;41
30;17;39
48;12;28
0;21;51
20;13;31
9;77;0
40;39;1
5;9;73
40;23;29
4;54;39
6;39;54
61;3;22
1;14;3
4;35;28
1;18;37
19;11;49
5;38;15
3;8;60
6;11;53
5;57;9
63;20;14
3;18;53
24;5;36
48;8;1
19;9;5
15;34;35
14;19;53
23;54;7
80;2;10
5;20;14
51;33;9
51;17;13
47;5;0
35;48;10
36;24;34
44;20;8
9;57;7
11;12;16
74;10;5
21;41;14
33;18;42
23;40;16
46;17;5
7;33;15
25;1;64
56;4;2
62;1;23
10;36;15
27;22;50
26;0;3
8;2;41
9;84;5
2;7;23
30;10;37
23;15;49
40;24;12
9;68;7
14;1;16
5;16;44
25;21;39
33;7;7
40;48;3
41;8;45
8;10;56
17;12;19
36;34;5
55;14;1
10;45;6
7;19;31
28;21;46
2;16;14
15;5;64
45;23;28
24;24;45
6;70;9
46;31;1
5;9;50
1;16;26
33;25;33
12;9;30
39;7;10
0;54;5
51;34;4
24;42;31
14;10;2
36;26;7
6;49;37
16;38;14
44;10;29
48;30;36
13;22;12
23;18;1
3;37;12
28;37;14
18;38;32
12;46;19
71;7;11
2;28;67
65;7;4
29;16;44
57;14;26
50;34;5
26;38;11
43;40;15
28;13;7
32;2;19
6;2;68
2;8;30
45;7;39
7;29;58
10;39;31
12;0;29
45;23;31
34;36;6
57;13;18
81;2;3
17;66;9
49;6;7
7;49;20
9;20;67
36;49;6
63;2;6
7;21;0
34;33;21
24;24;18
21;26;21
30;11;30
33;17;42
6;46;23
19;58;17
1;17;80
35;21;42
4;63;17
17;16;23
38;12;18
25;2;16
0;21;15
38;46;5
79;3;4
28;40;3
23;41;14
22;28;22
40;30;4
25;12;13
48;6;5
44;24;25
4;6;5
21;13;31
7;71;4
37;38;14
19;39;38
4;36;23
21;17;31
20;41;28
69;12;17
1;7;35
11;57;26
40;6;23
40;26;32
25;1;51
38;15;23
9;65;22
18;2;19
3;13;17
23;0;68
12;46;17
22;26;40
26;57;5
68;15;8
31;12;22
47;5;36
18;40;41
18;15;28
19;23;27
60;24;13
28;10;13
6;8;67
8;9;56
26;15;5
16;31;13
25;7;15
2;28;66
27;14;46
38;47;0
1;36;28
2;21;33
37;1;50
50;14;5
19;36;40
54;0;43
47;20;9
42;5;0
11;16;69
13;54;29
27;51;18
20;30;12
19;23;24
33;12;22
73;0;24
9;44;18
13;63;21
2;17;40
33;19;12
0;3;41
5;45;38
36;15;20
31;25;29
22;3;17
17;41;3
10;22;40
0;21;48
54;38;7
22;8;25
21;20;31
21;43;25
11;8;0
12;39;14
17;2;16
3;1;46
0;39;52
9;0;29
2;48;6
2;68;6
33;7;56
23;19;50
8;35;43
9;19;62
30;0;46
35;14;15
18;41;24
43;50;5
6;47;12
4;11;1
31;10;58
16;36;43
33;6;18
3;18;61
0;78;17
55;37;5
1;67;27
22;33;38
67;4;21
60;22;9
0;2;20
48;4;35
56;21;15
25;33;22
11;64;0
66;4;18
12;60;9
20;14;27
3;16;10
19;25;17
43;51;4
4;66;5
56;13;12
25;43;20
1;3;28
69;0;15
77;6;9
1;15;32
38;32;2
24;47;8
4;10;52
14;45;27
58;28;12
29;35;14
9;60;11
2;60;14
44;11;8
37;13;0
20;24;54
28;62;8
46;23;13
8;53;35
39;6;45
14;43;41
15;7;4
38;28;11
42;0;8
17;2;10
6;44;5
19;40;25
42;11;7
20;9;17
6;6;56
14;6;2
28;19;48
73;6;12
31;21;1
0;13;6
70;19;10
35;27;22
69;3;23
23;18;3
27;4;1
1;16;67
51;40;5
32;13;4
68;13;11
11;24;61
1;44;27
8;1;33
14;32;47
14;2;71
40;53;3
55;5;15
45;11;15
10;21;22
2;53;9
7;3;40
8;18;64
4;57;30
60;15;7
14;6;38
22;3;9
32;21;21
16;55;7
50;37;12
27;4;40
0;8;34
23;53;13
11;8;14
22;23;33
73;1;2
13;22;30
51;18;2
7;57;11
49;12;1
50;16;26
14;14;31
15;53;18
66;27;3
6;76;12
23;5;14
59;13;8
23;56;5
61;10;23
41;24;19
25;4;17
13;31;3
52;3;10
0;14;56
15;29;32
16;6;4
4;4;59
5;8;11
0;15;17
6;48;45
15;30;54
9;35;43
34;27;12
28;4;65
2;81;5
26;29;9
41;41;10
8;12;20
6;8;4
2;38;32
28;17;42
29;13;23
4;19;61
8;26;9
45;6;26
1;3;78
2;16;31
10;28;49
29;19;19
3;51;28
15;50;16
61;14;5
14;43;12
60;10;5
4;63;18
10;7;13
43;55;0
0;53;2
14;29;0
25;15;45
13;7;19
5;10;16
0;37;22
18;23;0
6;9;10
11;21;11
1;35;26
22;27;14
48;15;30
49;20;25
29;39;10
20;12;41
76;10;0
59;4;28
2;44;11
43;15;18
1;13;78
11;37;29
22;2;36
53;41;2
20;32;5
6;57;33
9;15;73
35;10;29
8;30;26
22;10;50
1;2;69
38;22;8
85;12;2
29;19;3
27;23;48
15;1;43
8;33;10
22;38;35
10;0;12
24;3;24
4;20;20
6;45;16
29;40;15
17;13;8
64;1;2
16;46;20
3;38;41
6;34;43
53;17;23
17;57;2
21;55;3
11;21;1
33;8;17
9;15;64
13;4;19
14;30;10
25;5;19
47;18;5
38;11;24
15;54;30
2;39;2
14;2;48
0;11;42
48;2;20
41;11;46
25;70;1
9;78;8
21;2;53
2;79;7
46;16;31
18;23;13
18;7;27
5;3;66
33;32;22
71;0;3
63;25;6
2;12;49
40;2;3
25;27;4
17;66;6
50;8;3
1;63;17
44;25;20
20;18;4
12;60;22
45;30;14
54;9;26
86;10;0
7;18;67
43;16;22
32;4;4
45;8;28
13;57;20
36;4;0
20;40;32
77;16;4
3;16;18
68;11;1
17;60;17
17;33;4
4;7;21
11;37;4
16;19;44
34;65;0
23;36;22
39;6;51
36;16;28
2;18;6
42;6;47
36;22;30
9;32;58
3;71;13
51;6;0
17;4;0
44;14;21
52;24;5
70;15;0
9;51;24
21;20;44
10;1;75
0;28;50
68;1;20
33;51;2
46;16;16
22;7;4
73;6;14
35;27;21
28;6;46
4;56;30
25;11;52
26;41;31
15;10;17
0;21;73
4;35;6
77;3;2
17;26;17
28;15;34
17;13;58
10;42;6
2;27;23
28;47;10
24;7;7
16;1;42
31;0;9
35;28;1
9;1;43
7;2;42
10;22;51
16;2;78
46;6;38
41;50;4
16;43;17
26;26;32
12;9;51
23;31;38
41;21;10
53;1;32
21;38;24
0;6;51
34;48;8
2;28;32
17;7;40
2;67;21
46;6;40
4;31;5
54;9;2
29;13;25
1;16;37
19;20;9
11;40;14
27;2;54
53;14;8
24;28;18
22;23;24
1;14;32
24;2;65
7;34;9
10;52;15
29;54;8
6;1;74
9;9;63
0;9;6
4;12;15
63;24;9
29;8;61
24;15;33
20;45;12
8;6;24
53;6;24
7;16;16
29;17;24
8;81;4
20;9;65
4;17;46
25;3;1
61;13;4
5;70;21
5;51;30
24;44;5
45;4;33
36;24;7
7;53;28
13;47;0
11;50;28
25;27;22
8;18;34
36;13;16
9;40;41
4;37;52
32;48;16
2;0;30
10;17;36
9;15;38
29;1;43
18;46;14
1;57;4
4;32;32
63;9;14
10;78;0
8;30;12
8;17;57
9;10;75
31;44;14
66;21;9
42;2;5
8;21;21
10;13;55
41;11;9
13;38;9
37;28;0
64;21;3
47;15;16
35;7;42
33;19;30
13;36;44
12;4;67
49;9;22
31;27;4
0;4;46
27;29;29
32;43;21
1;26;21
1;6;41
5;6;19
64;4;29
41;28;21
42;40;17
46;8;16
35;21;19
13;35;3
6;53;23
26;9;3
10;7;14
8;36;8
30;62;3
57;3;27
3;9;24
67;9;0
40;3;37
38;9;44
22;8;41
13;28;44
4;3;85
8;21;6
53;16;30
28;11;2
37;30;16
19;16;35
20;44;10
22;33;13
34;4;20
4;4;19
40;37;18
8;8;57
6;41;24
37;12;34
14;11;34
30;31;26
9;50;21
2;42;54
36;11;46
7;16;32
72;19;7
15;33;18
32;52;12
56;36;0
9;15;11
44;9;15
18;21;29
36;5;43
16;50;19
69;5;0
21;8;65
34;2;55
44;7;31
11;27;40
11;14;25
16;77;3
29;49;12
12;12;59
21;27;13
2;15;32
18;28;18
4;19;76
0;14;63
0;67;14
26;32;10
11;6;3
21;46;18
91;2;3
1;17;71
10;50;14
5;23;51
23;15;53
25;31;13
29;3;43
18;37;17
15;21;27
6;8;70
3;16;27
17;32;12
41;18;34
47;36;15
23;16;26
62;10;24
9;3;43
23;31;43
8;72;19
2;21;17
41;20;20
3;45;19
59;33;7
43;25;2
31;13;52
23;9;65
6;0;88
43;20;0
5;3;68
6;11;16
24;22;41
31;26;40
17;45;19
21;18;0
34;24;13
8;12;78
28;42;1
6;4;25
0;11;61
7;57;32
7;52;3
12;46;39
1;32;64
1;1;87
7;26;52
48;30;16
0;0;78
40;46;11
51;20;2
23;34;1
47;9;15
1;31;33
2;53;21
59;17;1
34;11;49
4;6;37
3;38;18
50;30;19
6;17;70
86;6;4
50;8;24
5;21;32
14;8;70
10;32;43
17;33;49
25;56;1
15;41;15
1;39;18
29;8;11
3;29;38
15;19;33
20;20;42
36;17;6
20;73;2
11;11;44
2;13;15
24;40;33
1;53;28
0;39;30
19;15;28
0;28;40
42;10;42
51;6;8
19;1;70
7;37;30
20;3;59
2;80;11
32;43;20
15;35;36
26;38;19
9;23;51
10;2;35
56;24;4
6;9;8
2;41;44
29;15;13
9;22;42
12;38;42
4;43;4
23;28;4
7;45;0
26;0;0
38;2;3
29;10;5
38;27;5
20;13;59
43;8;14
35;45;15
37;1;9
11;1;26
21;49;29
18;1;68
18;41;21
28;36;24
17;16;28
0;69;3
1;22;46
11;13;11
38;34;8
56;5;17
50;1;7
5;45;29
27;59;1
13;30;1
32;33;33
20;32;43
65;5;17
12;5;19
39;24;19
13;41;18
17;50;4
8;72;14
62;6;4
20;1;25
36;35;28
11;8;39
86;6;3
4;70;17
12;53;28
79;4;5
26;35;0
15;1;9
41;21;34
8;6;44
1;10;56
57;4;7
17;70;4
44;32;13
4;17;15
9;71;14
37;3;43
17;64;16
32;1;17
15;8;53
4;4;67
2;42;24
25;31;37
55;4;1
1;39;46
17;43;29
12;14;20
39;2;47
30;1;6
37;19;35
18;2;58
36;19;38
69;10;0
49;4;39
26;52;10
27;33;36
38;3;54
22;45;10
5;0;18
52;16;30
23;28;38
4;13;30
28;4;28
23;37;14
2;42;9
7;46;36
2;22;46
39;20;1
0;24;59
6;12;13
56;2;12
30;7;20
20;7;8
64;9;25
18;22;59
5;23;46
32;20;34
3;7;9
29;11;27
41;44;11
16;27;34
23;26;50
74;7;11
72;4;3
18;12;21
39;19;40
1;9;67
2;36;18
7;31;49
12;29;25
8;66;12
3;11;34
69;15;11
58;28;8
68;7;9
28;23;19
3;22;53
7;27;45
43;15;8
57;33;3
51;2;39
82;4;8
25;8;23
1;34;33
53;25;4
31;42;6
22;12;15
20;60;10
13;33;0
18;9;39
2;63;29
10;11;38
39;24;35
29;7;18
16;35;45
13;79;5
19;22;42
74;15;1
46;29;0
7;3;45
53;23;15
34;15;50
26;7;26
26;18;19
7;25;11
22;42;16
43;9;42
36;6;46
45;6;29
15;11;21
0;62;19
7;2;21
20;20;50
10;69;11
48;0;2
11;20;33
30;45;16
35;15;48
8;9;60
11;0;41
16;33;18
20;21;9
79;2;8
34;30;11
21;9;34
11;4;3
27;47;5
7;5;33
2;24;20
0;50;32
1;60;23
10;21;53
3;67;12
38;17;20
22;36;4
6;3;81
26;11;52
27;14;37
15;44;23
62;6;20
13;11;48
19;10;68
74;8;1
78;13;7
23;29;5
7;7;26
20;42;24
20;19;43
8;70;6
37;43;10
41;38;1
21;49;6
11;23;22
79;0;20
6;58;21
14;0;36
80;2;11
21;37;13
0;58;11
47;43;2
17;4;33
10;32;31
24;40;23
13;85;1
15;55;8
33;56;1
2;0;36
43;26;22
33;9;23
8;77;11
45;20;21
29;12;20
5;21;66
12;75;12
41;34;21
21;58;3
6;49;27
3;14;31
2;41;42
3;26;64
3;57;20
5;61;5
8;45;8
65;6;5
49;3;44
36;10;1
52;25;1
67;0;0
7;25;6
3;88;2
0;29;50
9;30;40
64;1;4
7;33;18
13;7;17
7;66;19
38;3;43
36;29;3
76;1;12
42;14;24
85;2;6
0;36;56
25;66;0
5;64;17
1;92;5
4;21;32
21;25;2
3;39;33
11;20;32
55;21;15
32;0;62
2;3;14
10;29;43
5;33;55
48;23;18
22;7;35
6;2;5
61;9;5
54;9;14
19;6;16
35;30;26
2;28;61
18;30;19
10;14;51
37;8;0
9;54;3
4;13;74
10;5;41
17;44;6
14;45;4
34;12;10
22;23;54
28;24;25
19;50;17
75;5;0
26;41;3
1;73;24
25;38;28
14;9;23
22;22;32
36;10;46
0;25;40
14;23;61
9;13;58
16;10;71
0;18;9
36;17;15
31;38;7
22;7;67
26;14;3
28;6;23
12;47;10
22;52;17
33;2;35
7;36;39
38;4;45
7;28;52
29;6;35
69;5;15
17;5;23
39;27;16
7;22;70
75;3;5
0;83;2
59;9;28
17;24;58
44;10;16
30;19;15
10;52;18
34;2;13
29;3;44
24;2;63
44;5;24
4;8;38
21;46;23
0;78;7
17;33;16
20;13;44
8;18;2
12;5;3
9;39;50
6;17;7
29;38;5
2;69;27
45;8;7
25;31;42
9;1;6
23;7;1
55;0;16
1;90;5
20;25;1
13;59;10
30;48;5
39;6;4
4;1;11
39;7;17
25;15;1
8;40;44
15;9;71
0;11;71
64;25;0
25;15;34
76;12;0
56;30;7
51;0;32
11;19;53
21;34;27
67;1;26
44;44;5
40;32;25
14;26;25
81;3;12
19;15;62
15;46;35
4;48;25
51;42;5
3;31;20
8;26;34
19;4;19
93;0;2
41;23;35
40;27;7
49;24;5
82;12;0
4;53;9
55;42;2
8;18;15
46;15;6
21;9;67
1;7;43
7;20;45
1;37;32
13;17;69
44;12;12
76;3;2
50;18;18
12;33;20
51;21;19
76;7;14
10;3;86
41;8;28
0;35;40
14;3;10
5;11;58
1;36;36
6;56;7
38;20;25
27;21;40
52;39;0
18;25;49
15;32;26
42;20;22
4;17;0
11;26;12
6;29;59
30;34;17
9;27;41
48;33;9
6;25;66
29;22;9
7;37;25
0;43;37
28;40;23
9;13;52
44;27;6
1;43;1
11;26;20
18;29;11
1;27;35
1;22;24
16;25;24
40;26;28
45;18;32
37;28;9
17;24;42
23;39;31
17;33;6
35;38;13
22;37;8
34;59;5
51;9;28
5;23;44
34;60;1
44;5;0
43;24;2
33;20;42
33;13;26
53;2;28
42;21;26
14;15;54
4;28;41
11;43;42
27;21;1
10;49;5
9;7;14
27;2;18
17;2;61
39;8;24
13;8;68
29;7;56
56;15;5
56;10;12
34;30;18
36;28;5
15;1;36
73;4;15
3;3;38
34;0;3
0;10;57
19;13;48
50;18;29
1;33;62
20;7;28
6;63;26
36;35;26
25;58;14
30;51;6
32;8;11
13;12;22
67;15;9
29;32;22
14;27;25
60;2;7
82;3;10
11;15;21
15;3;4
57;31;5
6;41;1
21;49;4
51;18;13
60;8;30
25;32;31
2;16;32
25;17;4
24;2;68
17;16;62
6;4;30
19;1;61
35;5;33
34;49;5
21;58;20
20;49;5
5;24;17
19;19;18
2;2;32
3;54;26
28;34;18
5;18;53
5;34;31
43;15;12
53;0;9
23;45;27
5;21;31
31;15;35
62;0;4
3;54;23
36;15;19
18;43;6
65;29;5
41;16;42
57;1;29
6;14;78
3;12;66
2;14;21
67;13;5
57;1;27
9;24;3
31;21;28
73;8;10
9;17;39
20;4;44
56;16;13
18;25;12
17;19;25
3;0;92
7;61;26
10;52;32
43;37;1
11;3;36
2;18;25
39;4;15
85;1;3
20;23;8
3;35;25
30;25;10
0;44;3
21;6;48
0;71;22
30;23;23
24;65;1
39;4;55
35;2;22
38;0;9
49;7;15
2;0;38
24;34;13
0;16;50
14;12;38
6;6;76
7;15;39
60;31;2
29;54;5
31;15;34
7;56;5
34;2;60
16;48;23
64;2;29
4;27;58
5;50;24
3;64;21
12;43;26
14;74;9
71;11;3
86;8;3
3;20;64
3;24;33
35;4;34
18;28;27
73;21;1
17;15;0
5;12;65
47;49;0
10;24;51
47;20;14
68;16;3
20;21;55
42;15;42
61;16;3
7;53;7
25;23;10
24;40;8
61;9;20
74;7;18
46;31;19
1;95;1
17;19;17
16;11;58
9;22;14
24;10;52
5;19;24
1;12;23
27;15;21
34;14;36
65;0;16
5;47;0
1;12;78
4;31;2
11;8;32
12;13;23
4;17;68
77;0;10
35;8;34
23;1;10
11;35;47
19;26;27
15;32;46
32;30;33
9;11;14
0;27;66
45;11;13
1;17;44
42;19;30
35;17;0
17;37;45
8;4;4
4;48;32
12;6;11
57;17;11
2;4;56
4;4;34
46;14;20
54;12;10
81;5;12
12;5;81
11;5;72
3;60;29
48;1;33
65;3;2
34;42;15
33;28;8
60;5;29
40;9;25
18;23;25
3;69;18
3;47;9
11;53;6
41;14;1
2;25;51
40;24;17
63;10;12
1;37;35
44;17;9
0;51;7
10;58;8
3;23;45
23;53;22
30;13;5
15;37;29
22;14;24
2;8;61
22;41;12
52;5;8
6;44;21
6;16;3
25;3;71
29;44;8
43;7;20
22;18;13
9;82;6
39;12;10
19;8;27
1;32;29
54;36;2
55;0;4
11;5;62
19;3;10
16;21;35
34;3;7
92;99;48
33;46;13
7;60;25
45;36;13
19;51;20
21;16;9
14;41;34
2;18;39
5;10;68
49;5;38
67;6;11
46;4;45
42;28;22
47;26;6
30;0;18
47;22;2
38;16;15
48;13;22
15;74;8
43;15;22
54;2;11
24;8;60
44;14;34
52;8;16
33;17;25
33;11;44
8;43;25
22;0;26
29;25;12
35;7;24
26;19;43
7;73;1
11;40;35
14;22;30
85;3;4
65;10;16
55;24;4
15;23;3
3;25;21
30;4;18
14;60;20
3;25;22
0;89;5
31;21;37
25;30;18
4;29;16
10;23;1
2;25;10
30;3;40
49;9;39
47;6;33
39;21;39
34;27;7
1;6;91
18;60;14
0;27;30
12;14;63
50;37;8
3;1;48
17;13;5
34;22;27
10;58;22
30;35;34
6;15;53
22;26;45
8;70;18
72;14;9
41;40;17
37;30;7
13;27;47
17;30;13
0;23;19
27;21;23
8;16;58
48;21;1
15;9;33
54;2;1
16;21;28
20;1;26
72;0;1
30;6;49
52;37;7
3;53;34
50;31;10
29;0;0
16;15;13
1;28;28
1;57;17
46;0;43
16;27;45
4;9;34
3;6;3
69;2;7
26;13;49
2;47;13
37;25;19
5;62;8
29;25;31
49;44;3
87;7;3
58;11;30
36;6;38
6;23;60
34;35;18
65;25;4
7;8;35
3;35;1
4;22;61
30;23;18
27;17;28
37;34;8
48;12;14
31;31;20
8;7;37
10;54;15
5;12;51
7;38;16
26;40;13
14;29;49
19;39;33
2;8;22
39;2;46
1;4;78
39;29;23
10;80;8
4;21;11
64;12;21
7;8;57
28;25;9
6;42;3
10;53;8
7;18;53
14;56;25
28;30;21
1;12;46
8;28;48
27;13;27
49;3;10
16;1;61
46;1;4
38;22;24
24;0;53
28;40;31
35;19;27
41;41;11
55;21;6
21;17;8
5;26;59
47;45;6
3;11;25
244;244;244
199;199;199
50;50;50
25;125;25
125;25;125
39;249;39
249;39;199
62;161;77
119;120;110
120;119;110
110;119;120
110;120;119
65;192;184
38;246;251
119;75;1
254;21;6
54;230;8
66;66;66
35;35;215
6;6;6
99;99;99
199;99;199
33;33;133
254;6;45
44;126;44
77;154;200
55;55;255
186;145;31
145;186;33
45;68;54
145;168;254
47;74;174
74;47;147
245;12;52
146;54;66
89;78;67
154;143;132
2;254;13
126;78;49
106;78;50
249;210;168
136;205;179
240;232;208
190;190;125
207;124;184
152;190;162
175;223;223
118;233;254
184;226;210
233;247;194
247;134;169
87;188;226
204;169;136
221;129;151
224;166;186
134;203;233
195;146;252
144;245;205
57;223;237
250;213;156
139;240;169
144;231;189
231;254;121
179;220;217
28;250;254
193;249;219
213;231;137
190;210;252
246;244;92
186;129;236
248;178;99
245;240;87
228;177;237
205;209;219
195;240;67
111;235;242
253;145;220
130;201;205
148;131;233
184;203;224
48;238;228
210;213;210
160;238;220
162;233;117
221;207;76
187;186;182
86;226;209
174;248;244
166;153;220
234;154;239
223;237;115
238;106;164
252;195;111
235;254;128
214;142;189
229;223;105
229;182;108
232;242;56
234;180;92
229;158;143
195;178;188
248;242;139
217;109;181
231;205;216
223;90;217
172;181;159
58;247;241
130;167;216
246;123;224
143;172;218
209;153;165
178;226;100
106;202;253
168;245;221
246;210;57
225;178;166
152;231;180
93;246;191
186;130;248
177;196;221
235;253;178
179;171;181
218;250;174
100;230;210
242;249;156
228;107;206
232;89;241
149;222;200
226;43;246
221;136;229
217;232;219
137;131;253
181;238;216
242;200;218
209;212;226
104;167;249
234;199;105
183;230;225
220;116;227
237;210;165
184;160;243
108;248;217
238;149;178
243;138;220
253;134;155
243;154;234
169;105;230
150;209;244
216;177;162
225;87;240
247;50;239
231;248;33
141;211;215
210;252;204
48;218;242
123;160;218
200;171;199
199;203;213
207;251;247
233;213;157
218;117;213
79;244;206
100;161;245
216;197;135
207;184;249
165;235;233
216;101;188
181;189;243
219;250;150
202;245;64
121;219;205
194;131;207
229;64;232
234;177;91
148;185;171
169;201;240
225;248;167
229;224;195
178;182;175
221;221;87
97;163;242
230;113;189
248;253;12
189;205;198
92;160;253
172;180;180
172;194;187
207;237;223
238;217;79
247;234;105
210;154;169
175;163;227
195;251;203
151;219;198
235;198;242
241;220;158
116;199;198
195;241;202
205;119;195
124;248;239
112;203;218
184;154;228
196;123;201
96;238;200
234;242;222
213;211;223
172;232;102
250;184;124
237;101;172
216;225;129
138;153;242
170;138;219
73;248;217
149;212;183
169;225;198
166;204;203
196;245;117
192;242;132
223;71;214
240;154;242
119;171;251
239;218;107
252;238;134
160;170;226
165;140;197
213;206;111
144;204;218
217;207;95
148;252;112
229;194;87
250;200;173
251;229;220
177;238;193
221;79;240
149;195;202
240;160;171
150;194;158
184;196;201
167;171;194
140;245;205
136;146;252
203;202;197
248;216;173
105;243;159
192;201;199
229;197;228
203;178;203
249;234;243
219;242;167
249;185;190
192;136;177
242;164;115
124;246;234
112;173;243
52;223;228
212;230;176
99;219;235
179;159;176
185;228;223
98;182;227
92;251;195
199;187;193
211;104;195
241;143;138
139;253;128
191;188;151
252;156;175
199;228;195
217;220;218
224;195;126
172;211;209
206;114;222
28;249;254
230;238;68
206;236;205
240;235;194
27;253;253
128;215;171
148;197;197
126;162;214
143;245;136
65;245;250
157;234;130
236;164;111
217;214;110
249;205;49
220;139;249
171;187;237
239;254;215
188;145;224
161;248;179
213;153;107
169;196;161
251;85;171
170;179;210
73;235;203
60;252;206
122;217;221
186;162;157
208;91;215
69;196;244
154;128;223
186;182;225
221;246;143
251;185;112
229;104;193
227;57;226
234;124;227
130;236;247
190;211;184
249;131;192
214;232;165
91;193;240
225;177;194
162;176;187
253;138;221
165;185;244
234;139;166
230;219;136
248;218;238
84;247;208
212;215;76
192;177;228
37;230;234
207;232;67
203;242;205
236;148;122
201;195;206
196;229;203
239;164;123
227;246;111
184;203;160
223;227;163
231;136;205
251;98;160
223;179;151
232;132;199
232;186;249
222;118;169
254;210;113
227;160;216
163;243;191
233;246;168
226;228;95
112;222;200
166;194;163
172;157;207
142;123;254
174;202;129
189;204;239
214;223;134
170;158;186
208;140;192
178;169;232
206;239;221
133;234;143
194;215;141
65;253;217
254;171;201
178;199;206
53;222;239
205;251;227
168;96;252
196;196;245
185;187;213
190;173;163
241;126;176
230;210;184
165;125;253
203;209;110
230;142;248
197;129;229
233;76;201
207;216;100
162;238;194
242;178;97
154;248;145
250;131;202
225;212;232
249;139;145
235;173;217
121;200;222
190;174;198
232;156;232
252;249;105
190;183;187
241;159;121
134;227;247
225;183;248
252;205;228
171;251;119
223;169;174
94;180;239
114;253;187
218;219;199
238;155;254
205;200;189
160;172;201
230;196;163
248;239;45
224;237;100
201;228;171
208;221;197
233;191;119
192;151;243
141;154;214
153;183;191
236;238;76
211;133;254
248;140;229
73;187;243
172;215;144
243;239;182
190;236;92
246;160;154
209;101;240
203;159;236
152;243;240
235;197;240
140;190;200
238;200;79
227;221;222
237;230;188
238;200;163
55;251;242
188;252;125
218;244;79
181;187;207
232;217;188
180;181;223
161;199;209
237;155;216
248;113;162
136;249;142
206;250;157
244;171;164
207;136;239
173;233;214
88;126;136
206;116;35
133;144;249
29;246;236
213;159;252
204;191;204
232;244;72
147;214;250
249;160;187
254;90;243
98;217;235
208;135;231
219;33;250
237;226;100
233;177;225
189;238;254
233;172;141
147;215;188
156;239;137
67;220;245
100;170;240
194;152;215
90;243;170
130;237;252
106;235;229
211;240;55
202;251;218
130;213;159
231;173;187
240;190;85
192;254;214
236;229;224
116;228;245
217;177;141
222;222;133
79;244;245
204;126;195
161;203;209
218;187;138
126;227;172
195;183;174
215;252;51
149;160;211
227;33;246
253;225;173
199;211;167
167;197;147
148;129;249
170;216;179
201;128;202
196;145;222
186;224;182
108;217;197
203;214;179
220;140;164
224;249;79
158;169;230
247;154;144
229;122;249
174;217;186
208;167;134
51;219;232
252;21;233
133;165;250
145;219;167
224;219;216
245;130;160
196;235;232
254;224;200
242;213;179
208;172;180
146;224;171
200;99;215
54;249;203
236;147;126
120;229;161
252;41;254
128;189;195
165;230;197
243;45;251
200;194;157
213;249;65
186;108;239
244;183;84
223;128;169
191;244;76
114;235;193
136;206;200
174;236;180
150;152;203
213;206;196
249;218;111
249;251;103
114;247;225
187;158;193
217;188;136
254;230;41
94;220;240
235;227;73
190;212;129
230;251;190
194;181;251
227;172;188
170;211;175
126;242;240
77;187;254
203;235;70
154;215;154
240;183;131
196;110;201
249;32;223
248;240;27
186;230;97
189;253;127
225;241;243
114;204;250
222;219;235
243;195;228
199;105;201
194;209;181
235;97;250
179;173;228
96;228;194
172;217;236
251;232;102
139;218;230
225;105;189
131;134;236
164;232;198
227;247;114
244;90;238
195;185;185
136;225;220
203;134;193
187;174;164
48;231;248
185;145;174
253;220;135
232;244;105
156;238;211
46;234;254
183;184;195
253;81;221
144;155;226
249;217;229
124;250;137
211;196;101
241;149;121
184;112;254
230;93;192
191;149;236
152;180;178
136;215;191
118;226;218
177;177;214
243;170;250
218;209;136
206;114;185
43;241;252
158;230;168
237;56;233
165;152;230
124;236;175
156;225;251
162;149;236
231;138;183
183;204;139
249;246;29
116;188;221
109;189;212
107;176;246
190;188;193
139;213;178
181;139;214
89;185;232
186;187;147
227;182;147
185;207;244
157;223;239
160;195;164
235;193;124
165;206;215
232;187;238
118;232;200
192;142;250
47;222;242
248;79;196
172;143;210
126;189;228
89;203;225
206;186;144
158;213;221
171;200;167
242;249;188
145;228;224
74;221;223
116;179;246
171;219;186
157;202;166
75;221;244
181;238;88
181;245;97
202;97;245
189;139;236
167;173;220
254;180;204
185;250;246
199;215;242
145;183;211
253;149;184
249;102;169
92;216;225
222;160;167
218;91;246
253;209;169
106;198;245
164;133;235
228;209;150
218;80;214
253;197;171
194;239;148
219;221;250
241;239;209
219;200;97
145;191;188
231;236;69
225;238;130
251;229;224
167;223;218
201;186;165
207;228;209
221;151;243
121;213;236
158;227;206
169;97;252
251;186;149
236;249;117
134;234;233
180;202;219
149;213;240
173;213;184
250;188;212
95;166;242
171;191;181
79;213;242
174;189;166
123;189;190
237;171;176
178;220;203
205;215;223
91;230;196
246;179;223
219;245;91
241;138;122
213;212;117
131;195;230
177;178;224
182;208;181
230;237;194
245;55;202
232;250;182
194;169;175
152;162;251
133;249;217
199;233;221
149;237;230
217;150;142
150;236;210
64;223;251
173;217;184
252;106;155
182;155;185
159;190;221
224;195;197
198;221;205
127;178;213
207;81;251
187;209;139
251;165;123
129;222;184
254;117;204
90;245;188
180;113;254
219;129;191
125;247;162
204;204;182
199;228;82
204;152;183
220;251;113
194;190;184
196;230;180
149;208;162
217;248;212
223;137;158
175;193;180
170;207;134
244;167;176
129;244;187
225;198;212
202;200;138
119;146;252
101;233;237
169;229;233
208;200;180
197;196;223
129;251;202
158;245;222
206;110;226
241;192;173
199;214;125
254;205;90
242;15;245
226;209;77
219;188;106
192;134;222
241;174;174
229;94;188
217;221;71
230;191;183
136;209;186
181;163;193
215;114;185
241;249;51
194;162;154
191;192;174
226;78;249
219;108;217
213;207;147
98;179;238
253;138;206
104;252;155
157;176;120
252;243;159
175;127;217
48;232;242
230;75;211
198;139;183
199;245;159
234;51;230
207;141;223
147;134;229
232;27;254
207;251;245
201;172;151
186;245;226
180;224;102
144;139;225
242;220;169
199;207;243
231;230;158
174;201;175
251;164;89
66;251;196
191;195;169
175;239;254
234;132;137
172;179;170
254;147;188
238;205;198
105;171;243
123;254;138
108;218;199
230;220;220
249;221;89
194;121;223
218;250;172
144;157;250
95;201;223
115;219;168
209;252;93
254;243;16
252;237;83
181;159;251
220;240;62
182;148;251
115;191;242
252;193;128
94;246;246
199;189;245
194;224;161
247;100;157
217;233;131
244;101;196
198;231;247
201;246;106
201;125;248
176;183;236
126;181;252
81;253;177
142;239;145
217;214;169
127;224;190
184;241;88
235;174;123
189;204;253
247;118;172
193;219;151
248;206;109
174;215;123
207;166;156
199;194;134
127;233;153
150;236;218
123;253;197
231;227;211
245;95;238
123;243;176
245;107;217
168;218;243
182;244;94
147;229;240
201;225;231
208;214;171
192;210;232
235;130;166
249;171;203
235;23;243
227;228;150
225;151;194
168;241;229
229;186;134
155;231;212
254;28;235
121;135;251
252;168;109
239;153;204
246;209;149
239;97;176
179;100;240
253;234;130
200;218;154
184;169;212
219;237;230
37;226;247
209;248;103
244;249;72
203;223;243
202;212;226
171;217;205
246;192;155
194;209;145
186;234;97
252;114;241
186;159;248
187;175;194
210;208;186
156;229;134
217;241;211
132;178;199
86;239;224
135;142;250
118;237;177
156;164;192
221;220;114
215;207;160
212;222;147
216;205;90
195;240;75
129;245;207
153;214;215
225;161;169
238;96;234
211;199;108
144;207;157
250;204;186
249;127;152
215;175;247
143;227;178
237;226;65
242;149;110
246;233;216
235;240;190
124;241;224
166;233;223
50;227;232
240;216;222
32;226;244
239;150;130
55;241;228
204;244;245
245;160;240
125;217;243
234;224;226
121;237;181
80;253;182
160;214;178
209;108;192
213;203;90
127;129;253
251;131;193
227;211;85
99;230;178
239;159;178
184;125;225
244;191;102
152;224;139
249;106;161
94;234;250
94;251;233
138;231;215
153;201;232
238;219;166
172;228;184
203;130;209
177;239;203
231;147;125
203;252;221
191;188;142
222;135;148
163;158;250
205;177;165
139;234;169
254;186;177
99;244;205
208;247;207
227;138;166
233;250;166
242;190;124
112;183;245
225;144;203
243;113;152
250;109;184
117;219;181
174;214;148
123;222;163
168;142;194
81;209;235
251;173;247
230;103;213
221;228;95
179;250;220
228;217;101
223;232;214
212;137;224
214;112;234
197;219;239
206;231;230
102;240;209
164;195;190
247;63;202
61;217;243
246;223;83
222;214;133
225;125;215
233;74;243
210;196;194
220;52;243
147;193;241
252;233;245
223;228;87
194;63;247
219;254;156
113;202;252
138;219;239
240;189;204
173;152;188
229;129;252
193;203;215
103;241;176
88;197;250
102;245;165
230;90;206
82;207;226
250;216;136
139;197;165
253;240;214
184;89;244
246;50;212
202;107;215
230;194;230
253;215;130
251;199;242
174;209;239
243;157;143
232;235;181
170;160;233
154;109;252
176;195;225
208;190;199
201;78;236
162;216;243
124;224;184
121;211;253
238;204;224
185;175;155
230;237;124
219;178;235
162;214;222
219;174;193
176;214;121
115;161;240
254;215;120
89;228;201
232;237;77
222;196;86
141;173;249
171;215;123
110;187;244
245;234;91
97;227;183
242;120;239
244;225;108
190;84;234
171;201;183
235;230;38
200;243;177
245;161;193
59;228;254
166;234;173
230;69;248
228;104;234
200;89;227
171;233;188
194;103;212
179;108;233
70;246;229
123;197;213
162;192;249
205;202;113
132;234;254
247;189;128
85;237;211
228;157;148
224;203;208
234;161;226
224;172;220
220;168;130
148;209;205
175;208;153
227;138;226
218;242;165
209;181;215
253;164;117
182;247;142
43;238;232
218;198;217
239;208;238
160;239;211
93;202;222
236;65;244
200;189;207
205;132;246
154;179;239
114;253;196
177;240;164
201;239;210
229;152;124
230;248;140
226;98;238
170;171;206
183;241;200
126;204;195
233;97;178
204;212;94
219;238;234
149;234;124
199;176;191
156;186;221
228;250;232
229;216;240
221;234;66
243;110;198
233;96;193
243;58;251
128;246;154
205;194;233
204;179;148
198;232;91
215;236;208
207;79;217
193;231;183
235;222;181
148;226;155
154;242;166
193;118;211
87;209;248
231;130;168
152;253;226
201;215;183
167;156;244
189;247;229
129;248;230
204;124;177
205;160;174
143;204;204
111;244;220
239;177;233
117;164;226
128;167;248
155;177;242
222;227;111
233;235;180
211;107;235
248;70;228
246;149;141
151;184;203
229;212;122
212;119;216
220;179;176
168;156;186
253;217;36
166;243;165
194;168;191
250;228;138
187;187;226
251;186;245
250;155;133
137;229;141
170;232;201
188;125;252
247;202;61
212;221;209
121;166;215
245;169;134
241;246;193
111;227;167
138;224;170
146;240;124
235;217;79
243;241;114
71;250;189
214;159;149
215;158;187
150;229;127
253;123;202
199;135;231
234;194;137
226;123;221
200;238;163
163;254;223
164;186;168
156;211;238
241;133;191
209;231;100
216;161;241
93;247;235
220;111;253
137;198;242
230;205;119
201;246;173
56;222;226
114;238;253
196;234;205
197;161;164
227;128;189
205;164;183
159;227;165
118;165;241
220;126;224
198;182;218
232;192;211
236;171;118
251;242;59
140;184;191
233;223;47
209;221;182
144;177;224
152;167;204
251;211;42
248;208;188
101;245;207
216;240;144
230;92;216
217;153;211
169;160;181
249;213;194
228;200;217
202;204;125
130;187;227
167;253;122
204;134;179
104;247;205
232;160;195
144;177;184
184;222;133
191;85;252
149;213;227
164;130;234
188;169;223
243;173;114
81;251;251
195;133;242
49;250;223
177;210;242
238;154;207
181;197;187
212;175;191
207;194;162
202;157;222
135;186;233
144;150;228
136;189;201
218;207;239
214;163;242
70;221;221
249;73;209
45;232;236
126;229;191
212;179;250
211;175;132
247;222;237
253;223;230
103;253;166
138;234;174
239;85;207
132;204;237
177;165;234
172;115;235
207;218;78
241;224;61
224;232;76
49;211;241
206;247;120
201;244;148
222;244;191
212;219;200
202;94;218
118;194;189
105;210;237
252;244;163
195;231;110
198;121;203
186;142;203
131;203;244
225;198;119
179;222;112
240;232;84
217;197;205
162;164;249
207;247;141
189;244;160
143;208;198
129;198;203
209;216;112
140;165;242
64;242;229
198;247;240
63;246;226
240;144;154
148;138;224
216;192;253
251;143;249
169;155;192
174;179;202
132;198;188
58;222;251
165;183;200
234;185;131
219;85;230
195;62;253
251;87;253
227;184;217
87;252;237
253;249;57
133;231;147
142;149;221
246;222;43
219;241;129
187;201;240
96;219;210
243;245;41
21;235;248
128;159;226
166;230;230
106;222;195
254;147;166
248;251;226
157;211;151
128;244;179
205;245;178
198;153;220
187;245;163
225;116;218
221;229;206
187;197;240
187;199;226
168;149;203
234;99;195
253;196;215
175;193;134
179;143;222
248;231;124
190;231;136
235;112;238
175;241;221
131;129;249
224;59;234
204;183;143
137;207;195
241;169;249
246;123;236
250;206;213
190;168;223
241;107;216
179;207;188
160;159;252
222;244;128
242;105;203
230;246;147
127;250;135
172;218;197
243;198;104
197;96;239
87;218;253
146;169;206
152;190;179
233;167;217
219;95;216
182;107;229
178;231;210
44;249;211
208;166;254
196;185;141
215;155;140
213;254;61
118;173;239
202;191;252
90;214;234
241;139;179
246;128;203
227;247;198
130;191;212
229;97;241
240;250;122
199;195;161
198;142;220
241;100;208
178;225;114
176;202;149
216;158;143
232;125;171
218;188;168
197;79;240
210;119;214
207;222;191
154;242;216
207;201;102
224;168;242
223;158;178
245;203;70
228;59;220
182;231;232
225;136;242
200;126;223
228;246;127
202;228;216
176;249;234
222;150;223
149;194;214
143;240;179
252;27;234
181;183;194
221;223;207
196;229;196
163;146;248
131;131;240
200;189;195
240;247;82
96;243;224
214;159;172
206;159;167
154;254;238
210;94;206
208;236;221
156;206;167
189;165;204
116;225;244
202;156;219
244;149;123
157;176;169
242;236;49
156;233;231
234;221;212
189;146;242
162;220;184
222;210;172
164;192;159
172;133;213
244;53;241
173;134;214
170;190;214
163;128;212
79;204;231
219;70;249
185;189;203
163;221;175
229;199;182
214;230;113
94;198;210
191;72;244
95;201;228
246;142;232
193;219;174
211;239;71
236;120;148
51;251;245
151;204;248
179;216;106
125;191;203
137;246;237
238;182;245
223;223;219
189;91;224
209;95;228
210;235;173
201;191;196
192;239;82
202;133;245
197;230;248
212;204;206
241;110;251
238;37;249
221;248;75
216;215;235
231;86;233
233;216;251
186;174;228
125;196;226
246;194;77
63;221;238
170;152;226
245;223;151
188;155;239
67;235;220
146;197;177
247;184;249
72;251;179
222;145;227
143;183;207
102;157;253
169;234;152
111;220;214
215;200;153
231;168;167
241;109;222
157;109;245
185;185;236
249;176;119
214;253;86
223;247;211
146;217;209
180;199;210
223;198;183
172;151;198
156;133;248
158;233;244
137;246;147
95;213;224
186;171;194
206;246;80
147;217;146
177;223;109
158;230;113
235;141;190
251;116;189
139;247;244
228;151;213
127;252;209
143;190;213
227;100;252
223;235;112
205;223;195
169;247;92
135;222;217
66;242;214
85;177;245
228;97;178
203;121;225
143;254;113
180;121;228
248;246;106
252;213;148
203;129;169
108;239;227
177;150;177
166;201;153
193;178;159
203;127;244
223;182;115
188;187;198
104;231;221
231;66;243
226;217;157
197;193;112
254;202;250
172;208;185
201;106;221
238;251;101
253;83;249
212;59;238
241;155;128
209;220;137
247;142;118
186;187;176
209;252;60
243;249;46
209;158;235
201;225;224
198;139;170
239;223;92
178;181;199
96;211;233
139;142;252
177;191;217
196;238;223
189;154;252
234;113;165
230;209;139
169;201;252
206;127;241
178;224;224
193;240;224
252;85;203
206;118;180
219;121;227
188;128;222
197;182;147
253;86;238
157;222;239
151;136;248
169;222;249
139;145;228
250;9;252
235;195;197
209;251;104
115;177;230
186;241;149
231;204;139
180;248;243
245;240;168
151;221;218
217;199;151
16;42;17
43;42;7
11;52;20
36;8;18
9;63;7
58;0;8
18;14;43
36;28;2
13;44;33
33;45;17
18;62;8
40;32;15
0;61;33
35;7;50
28;25;31
52;17;30
24;9;35
27;13;22
60;2;29
27;6;12
14;72;9
28;8;51
43;12;7
30;10;14
13;36;38
58;39;0
47;6;1
131;139;229
22;48;25
46;10;23
6;37;26
20;8;39
32;27;6
28;30;33
23;22;53
30;37;3
11;6;6
20;42;36
11;2;17
12;37;7
32;20;12
4;4;55
28;64;46
18;33;41
34;27;6
31;38;3
61;4;23
17;26;19
32;19;36
26;10;47
3;22;58
20;20;18
0;11;72
23;26;7
14;69;10
33;7;18
31;18;12
8;42;23
18;58;12
22;20;19
2;77;0
79;1;0
4;19;19
113;240;19
3;48;11
39;14;12
58;7;25
37;3;25
24;45;17
39;33;26
42;49;88
1;0;42
6;19;69
3;37;57
51;5;24
18;8;5
15;26;39
13;24;57
64;15;17
80;4;12
51;26;0
48;33;10
20;2;28
6;36;8
10;67;7
3;3;67
23;58;13
40;11;15
4;0;92
33;3;60
26;2;61
31;20;45
10;2;48
10;17;4
29;5;17
11;72;16
52;0;39
3;46;46
7;54;31
46;10;28
13;11;0
21;38;18
9;50;19
43;32;10
38;17;42
18;27;52
14;50;15
3;18;8
43;17;34
29;2;0
6;33;25
37;5;2
66;15;14
32;14;5
1;69;29
17;19;1
13;17;34
4;7;22
10;63;11
25;23;30
25;30;6
0;5;82
12;24;35
16;58;9
41;3;8
33;1;38
12;25;27
35;38;11
57;25;15
6;78;7
6;49;41
3;0;82
3;43;9
22;66;1
49;5;24
21;70;4
40;0;53
19;11;65
47;12;6
33;6;2
35;17;42
30;35;31
16;24;33
22;13;7
48;28;10
15;25;22
6;56;9
32;7;31
5;26;10
64;9;15
37;0;60
45;6;39
53;3;23
9;79;2
7;21;47
48;11;0
41;27;24
24;18;27
6;10;27
62;15;6
15;38;8
27;14;11
42;3;25
53;7;29
33;13;10
6;20;53
2;15;20
8;18;55
2;32;32
1;50;29
36;26;11
21;13;36
64;4;22
4;16;13
16;7;48
4;29;50
33;17;27
8;4;29
1;40;21
4;12;48
23;8;54
6;14;39
22;49;18
37;51;0
23;30;3
19;67;13
7;2;54
28;0;24
24;17;13
3;22;8
24;62;5
16;58;4
15;9;1
44;2;40
56;3;18
4;49;37
66;9;3
26;53;19
60;3;26
20;1;66
11;65;18
23;60;0
27;0;67
24;23;32
29;16;50
38;15;14
4;20;64
29;48;17
5;68;8
7;31;54
43;18;4
15;33;19
44;10;2
34;2;57
2;61;7
8;56;3
10;33;6
20;27;4
21;10;37
47;20;28
8;19;67
4;31;51
23;41;15
11;46;14
22;30;34
23;1;32
34;43;9
32;12;20
17;20;54
0;24;66
7;46;34
22;53;1
69;11;0
0;14;21
39;25;33
28;18;19
20;24;46
3;10;82
22;10;28
19;31;47
8;43;27
0;46;9
100;58;2
48;25;8
58;23;1
23;14;13
22;7;44
9;53;31
1;9;62
14;41;43
3;29;22
62;22;15
21;7;26
10;25;25
32;40;19
3;7;67
13;15;68
10;49;20
72;4;16
47;7;3
18;29;38
41;42;16
30;24;45
43;10;21
59;16;14
12;23;16
5;87;6
14;52;0
39;44;6
14;3;18
32;52;5
22;19;49
0;27;61
69;8;12
16;1;7
3;69;11
23;6;50
8;48;24
22;37;7
16;38;43
11;9;32
41;3;55
22;5;2
33;9;55
3;61;9
32;9;33
5;13;13
20;18;2
25;30;5
30;43;26
61;18;16
23;19;32
12;24;29
49;8;7
36;42;4
10;6;0
54;21;18
13;4;78
32;29;1
70;4;18
6;56;29
15;77;5
13;42;20
27;21;11
41;7;11
3;22;68
62;12;4
0;46;24
60;0;16
68;16;12
15;57;20
33;37;18
4;4;43
42;17;3
44;9;9
13;85;81
63;6;4
23;30;20
10;60;10
54;23;2
16;53;22
18;30;45
3;9;19
13;34;35
8;17;60
17;49;25
10;16;48
15;28;17
5;57;34
19;44;32
20;7;32
20;18;45
1;44;33
33;2;48
49;27;20
28;15;4
2;36;1
27;48;83
51;13;22
3;11;18
25;27;26
3;9;22
57;25;6
12;26;55
41;1;38
8;63;15
9;32;40
31;4;49
8;69;9
7;43;8
34;9;46
19;36;26
20;50;11
25;19;53
52;25;9
44;2;8
56;11;13
68;2;27
37;7;1
44;11;18
20;28;36
5;14;12
21;6;54
18;34;34
13;38;10
21;44;22
28;26;4
17;38;7
36;41;0
7;71;21
14;10;13
39;0;10
22;9;21
9;22;0
18;12;49
20;27;51
24;20;48
5;25;58
23;9;28
5;28;7
69;16;3
18;50;3
14;49;4
1;26;55
80;12;5
44;3;49
14;13;23
52;28;10
7;12;31
38;17;19
43;1;17
6;10;71
9;52;20
3;11;1
24;14;11
1;2;43
13;8;32
8;9;26
90;0;3
7;1;47
22;48;1
31;14;6
1;5;4
61;9;17
31;18;31
10;2;41
57;11;31
69;6;14
11;41;19
23;51;2
28;4;46
50;36;11
1;51;17
15;28;11
5;47;3
60;4;12
8;12;68
0;12;86
58;4;33
1;21;57
10;33;56
40;12;21
20;26;44
35;26;31
1;92;4
43;2;44
10;19;23
15;16;66
31;36;9
11;5;68
16;13;0
38;26;8
14;31;22
10;20;25
23;51;11
28;2;19
66;16;6
40;25;25
9;35;22
67;7;25
3;78;16
9;11;12
17;24;11
14;39;26
29;67;2
48;30;34
26;23;29
2;15;69
26;18;11
54;32;1
22;37;36
13;21;15
1;93;1
16;16;7
38;12;21
47;1;1
44;18;27
6;31;48
15;3;16
6;19;73
44;4;28
76;3;10
40;28;12
47;17;29
15;17;56
13;39;22
11;21;48
25;14;3
73;14;4
35;4;11
25;42;13
0;7;68
17;27;29
5;9;10
30;56;8
23;1;27
77;1;13
5;65;5
10;73;4
24;52;12
8;21;56
14;33;34
0;45;8
44;50;5
6;21;61
0;2;89
30;64;2
17;1;78
15;28;14
1;32;4
3;16;62
3;14;51
16;29;54
9;81;9
39;16;9
59;31;7
10;74;5
16;4;72
1;67;17
66;5;20
12;51;20
8;80;7
29;30;22
66;7;1
29;40;24
46;46;60
21;58;5
39;27;33
28;48;19
8;5;43
6;35;1
47;48;4
41;15;35
15;74;1
45;6;25
30;27;24
40;44;9
75;10;8
8;52;22
32;28;10
39;11;24
40;37;16
8;30;28
60;13;15
14;27;50
80;52;56
56;10;2
2;43;20
7;8;47
40;10;29
15;14;33
9;18;33
7;17;32
17;2;8
9;7;31
2;40;34
50;25;5
12;15;3
25;27;27
36;50;6
9;5;81
21;30;0
59;26;10
5;18;26
10;8;34
48;15;0
67;16;6
46;43;28
10;20;38
47;27;12
7;74;10
9;27;50
24;9;15
20;2;20
26;5;19
1;55;9
1;55;19
40;25;5
53;6;12
7;5;7
81;2;8
49;37;0
29;41;11
11;15;73
0;3;33
4;70;2
36;11;14
39;17;43
3;37;27
43;5;46
45;13;16
28;56;9
5;28;3
29;5;23
5;56;10
24;45;29
35;14;32
42;1;48
5;71;10
38;30;16
21;12;32
11;50;32
8;15;31
34;26;28
6;36;9
11;5;74
38;58;3
2;91;1
5;27;45
19;67;8
25;4;40
47;15;19
55;11;15
21;14;18
28;9;30
3;1;14
31;53;15
9;8;70
32;40;10
6;30;40
8;12;41
14;1;67
9;7;25
30;42;26
11;33;0
37;45;11
47;7;31
16;25;13
12;1;82
34;22;28
25;26;0
55;16;5
0;44;21
156;80;135
18;11;23
82;15;31
44;23;16
54;66;34
255;42;160
255;43;40
89;93;91
47;180;133
89;183;6
131;120;194
173;123;66
136;153;44
49;165;68
133;3;204
133;48;84
134;150;164
10;114;165
10;129;40
52;117;38
176;153;37
52;102;163
23;213;203
0;188;178
87;196;127
182;196;46
100;76;188
27;3;160
148;156;189
100;154;155
178;113;179
189;77;192
75;110;128
113;135;141
203;234;203
217;219;112
183;219;222
118;114;49
226;40;255